Title,Price
Big Choice Big Musuro Daal 1kg,140.00
Big Choice Red Chana Whole -1Kg,124.00
Kimbap Kim Sheet (Nori Sheet) (Shusi Sheet) (10 sheet),450.00
"Makkusé Regular Pustakari Box , Sweets",495.00
Ghar Ko Achar Radish Pickle 350gms,350.00
Spartan Prawn Cracker 120G,45.00
Crown Dates  Fard - 500gm,395.00
Lays Magic Masala Chips - 78g,75.00
True Elements Berries Mix 30g - Mix of Cranberries & Blueberries  Healthy Snack  Berry Mix  Dried Berries,90.00
Misti Dalmoth 500gm (Nepali Flavour Dalmoth Mixture),129
Big Choice Moong Dal -1Kg,180.00
LAO GAN MA Tao Huabi Chilli Sauce With Chicken 280gm [ Chinese Chicken Achar Chilli Oil ],545.00
Ghar Ko Achar Buff Sukuti Achar - 500gm,1200.00
Poshilo's Protein+ satu 2kg (Local Sattu),960.00
Ghar Ko Achar - Buff Sukuti Achar 300gm,750.00
Lays American Style Cream & Onion 42Gm,45.00
Kaju 200 Gm Pista 200 Gm Badam 200 Gm Kismis 200 Gm,1399.00
Haldirams Samosa Namkeen 200 gm,125.00
Lays  American Style Cream & Onion 78Gm,75.00
Pintola All Natural Peanut Butter 1Kg Crunchy,800
Yarsha King Nepals Sexual Enhancer Capsules For Men (30 Capsules),1424.00
True Elements Rolled Oats Certified Gluten Free 500g - Breakfast Cereal,400.00
Walnut (Whole) 500gm,306.00
Britannia Little Hearts 75G,65.00
Bhansaghar Gold Steam Jeera Masino Rice 25Kg,2125.00
Fresh Dates / Khajur - 500Gm,290.00
"Sushi Nori (Kagawa) 10 Sheets, 25g",570.00
Lays Spanish Tomato Tango Chips - 42g,45.00
Sweet Candied Karonda Cherry - 100 gram,110.00
Gluten Free Quinoa 1Kg - Breakfast Food Quinoa Seeds Diet Food for Weight Loss,950
Haldirams Punjabi Tadka Namkeen 200 gm,125.00
Combo -Kaju 200 Gm Pista 200 Gm Badam 200 Gm Kismis 200 gm Okhar Gudi 200 Gm Packet,2000.00
Oreo Choco Creme 50Gm,25.00
Bikaji Bikaneri Bhujia 400gm,192.00
Britannia/Marie Gold Biscuits/50g (Pack of 12),117.00
True Elements 7 in 1 Super Seeds Mix 125g - for Weight Loss | for Eating | Roasted,320.00
Arksh Food Dami Crispy Puff (Nimki Flavor) - 150 gm,59.00
Raj Moong Dal 300gm,139
Britannia Marie Gold Biscuits 300 Gm,100.00
JOLOCHIP Hottest Chip Madness - Last CHIP Challenge Chips (5 g),499.00
