Title,Unit,Price
Big Choice Big Musuro Daal,1000.0,140.00
Big Choice Red Chana Whole -,1000.0,124.00
Kimbap Kim Sheet (Nori Sheet) (Shusi Sheet) (),10.0,450.00
"Makkusé Regular Pustakari Box , Sweets",,495.00
Ghar Ko Achar Radish Pickle,350.0,350.00
Spartan Prawn Cracker,120.0,45.00
Crown Dates  Fard -,500.0,395.00
Lays Magic Masala Chips -,78.0,75.00
True Elements Berries Mix  - Mix of Cranberries & Blueberries  Healthy Snack  Berry Mix  Dried Berries,30.0,90.00
Misti Dalmoth  (Nepali Flavour Dalmoth Mixture),500.0,129
Big Choice Moong Dal -,1000.0,180.00
LAO GAN MA Tao Huabi Chilli Sauce With Chicken  [ Chinese Chicken Achar Chilli Oil ],280.0,545.00
Ghar Ko Achar Buff Sukuti Achar -,500.0,1200.00
Poshilo's Protein+ satu  (Local Sattu),2000.0,960.00
Ghar Ko Achar - Buff Sukuti Achar,300.0,750.00
Lays American Style Cream & Onion,42.0,45.00
Kaju  Pista  Badam  Kismis,200.0,1399.00
Haldirams Samosa Namkeen,200.0,125.00
Lays  American Style Cream & Onion,78.0,75.00
Pintola All Natural Peanut Butter  Crunchy,1000.0,800
Yarsha King Nepals Sexual Enhancer Capsules For Men (),30.0,1424.00
True Elements Rolled Oats Certified Gluten Free  - Breakfast Cereal,500.0,400.00
Walnut (Whole),500.0,306.00
Britannia Little Hearts,75.0,65.00
Fresh Dates / Khajur -,500.0,290.00
"Sushi Nori (Kagawa) 10 Sheets,",25.0,570.00
Lays Spanish Tomato Tango Chips -,42.0,45.00
Sweet Candied Karonda Cherry -,100.0,110.00
Gluten Free Quinoa  - Breakfast Food Quinoa Seeds Diet Food for Weight Loss,1000.0,950
Haldirams Punjabi Tadka Namkeen,200.0,125.00
Combo -Kaju  Pista  Badam  Kismis 200 gm Okhar Gudi  Packet,200.0,2000.00
Oreo Choco Creme,50.0,25.00
Bikaji Bikaneri Bhujia,400.0,192.00
Britannia/Marie Gold Biscuits/ (Pack of 12),50.0,117.00
True Elements 7 in 1 Super Seeds Mix  - for Weight Loss | for Eating | Roasted,125.0,320.00
Arksh Food Dami Crispy Puff (Nimki Flavor) -,150.0,59.00
Raj Moong Dal,300.0,139
Britannia Marie Gold Biscuits,300.0,100.00
JOLOCHIP Hottest Chip Madness - Last CHIP Challenge Chips (),5.0,499.00
Dabur Chyawanprash -,1000.0,620.00
Big Choice Moong Kosta Daal,1000.0,183.00
Berlino Mushroom Soup,45.0,85.00
Big Choice Small Musuro Daal,1000.0,173.00
Aama Ko Achar Red Chilli & Timur Garlic Pickle,200.0,332.00
Big Choice Mixed Daal,1000.0,167.00
Bikano Bikaneri Bhujia,400.0,220.00
Roza Tuna Chunk In Brine -,185.0,200.00
Haldirams Plain Bhujia Namkeen,360.0,232.00
Natraj Dalmoth,1000.0,240.00
Natraj Dalmoth,500.0,120.00
Hotpot Gourment Spicey Chicken Noodles,100.0,50.00
Mango Masala Achar-,350.0,400.00
Guitole Achar Udhyog Akabare Pickle,400.0,255.00
Raj Roasted Chana (Bhuteko Chana),300.0,99
Makhana ( Makhana Phool / Fox Nuts / Lotus Seeds) -,100.0,120.00
Chicken Achar,300.0,850.00
Patanjali Jau Barley Daliya,500.0,200.00
Kaju Madhuram Fresh Cashew Nuts -,1000.0,1695.00
Swaadilo Ma La Chilli Oil -,175.0,320
Harlal's Unique Cashewnuts,200.0,488.00
Haldirams Plain Bhujia Namkeen,1000.0,602.00
Nirmit Mixture Dalmoth,800.0,195.00
Almonds,500.0,698.00
Twakka Chilli Oil With Crisps (),175.0,290.00
Unibic Choco Chip Cookies,75.0,55.00
Natufoodies Baby Melt Cracker - Banana & Oat,,700.00
Khajurico Puff ( Pack),12.0,70.00
Quinoa,300.0,290.00
Picnic Peanuts,600.0,350.00
Super Grow Cashew,100.0,270.00
Poshilo's Nutri+ Satu  (Local Sattu),800.0,900.00
Candy  Lapsi Paun  Titaura 4 In 1 Combo Pack,400.0,280.00
Shree Eliza Sweet Sour Laupsy Candy,100.0,100.00
Guitole Achar Udhyog Radish Pickle,400.0,99.00
Britannia Nutri Choice Sugarfree Cracker,300.0,140.00
"Haldirams Delista Macaroni  (Pastas, Salads or Soups)",450.0,140.00
Lays Chilli Lemon Flavour -  - Pack of 5,50.0,295.00
Shrimann Moong Chaata Dal,1000.0,224.00
Panipuri Chips ( Panipuri Papad / Free Panipuri Masala Inside ) -,200.0,100.00
Bikaji Soanpapdi Man Bhavan,200.0,120.00
Haldiram'S Plain Bhujia-,360.0,244.00
Roza Sardine In Tomato Sauce (Eoe),185.0,190.00
Druk Tomato Puree,450.0,128.00
Haldiram-S Punjabi Tadka,200.0,131.00
Bikaji Bhujia -,360.0,220.00
Haldiram'S Bhujia -,1000.0,632.00
Gullon Sugar Free Shortbread Cookies Box,330.0,390.00
"Slurrp Farm Healthy Snacks for Kids | Mighty Puff Cheese & Herbs| Not Fried, No Maida",,90.00
Pasta-Makroni-,500.0,90.00
Poshilo's Protein+  Satu  (Local Sattu),800.0,480.00
Cadburry Oreo Biscuits Pack Of 12 - 46.,3.0,231.00
Ghar Ko Achar Methi Achar,350.0,350.00
Raisin,500.0,270.00
Bikano Peanut Salted,200.0,140.00
Sujal Big Choco Fun Waffer,216.0,120.00
Laxmi Dates,200.0,175.00
2 pm Lemon Sticks,80.0,50.00
Chicken Achar,500.0,1200.00
Bikaji Bhujia,180.0,115.00
Raj Furandana,500.0,139
"Chia Seeds - , Pumpkin Seeds - , Sunflower Seeds - , Flaxseed -",100.0,380.00
Shoon Fatt Cream Crackers Sugar Free -,280.0,360.00
"Home-made, Ready to eat -  Sutkeri Masala () by Arihant Foods",500.0,900.00
Bikaji Bikaneri Kuch-Kuch Bhujia -,400.0,192.00
Pintola Classic Peanut Butter Crunchy   Pintola Peanut Butter,1000.0,675.00
Century Hara Matar Jar,100.0,100.00
Pista (Pistachio) -,100.0,228
Bahar Spaghetti  | 100% Wheat Semolina | Product of Turkey,500.0,219.00
Beyond Snack Kerala Banana Chips Original Flavour,25.0,40
Ferments  Sauerkraut,330.0,380.00
Current Cheese Balls,60.0,60.00
Aama Ko Achar Dalla & Garlic Paste Pickle,380.0,464.00
Big Choice Local Chana,1000.0,188.00
Britannia Marie Gold Biscuits,250.0,80.00
Sara Foods Quinoa Processed  -,400.0,427
Super Grow Pista,100.0,290.00
Kurkure Masala Munch -,80.0,50.00
Unibic Choconut Cookies,75.0,55.00
Raj Anytime Mixture  (Crunchy Non-Spicy Mixture),300.0,129
Parle Monaco Classic Regular,150.0,50.00
Haldirams Bhujia-,360.0,244.00
Haldiram'S Moong Daal-,360.0,254.00
Priyagold Cheese Crackers,140.0,70.00
Parle Hide & Seek Choco Rolls,125.0,125.00
Haldiram'S Aloo Bhujia -,400.0,237.00
Haldiram'S Aloo Bhujia,200.0,122.00
Haldiram'S Moong Daal,180.0,134.00
Haldiram's Punjabi Masala Papad,180.0,120.00
Goodlife Top Biscuit 50Gx,6.0,60.00
Chia Seeds ( Chia Seed / Healthy Supper Food With Omega & Fiber ) -,200.0,200.00
Bhumi Nepal Pitted Prunes  Supports Immune & Digestive Health - Gluten Free Vegan Healthy Snack for Kids & Adults,1000.0,1850.00
Parle Monaco Classic Salty Biscuit,150.0,50.00
Thakali Long Grain Rice,20000.0,3399.00
Britannia/Good Day/Butter Coockies/ (Pack of 12),25.0,117.00
Ghar Ko Achar Lapsi Achar,350.0,400.00
Poshilo's Protein+ Satu  (Local Sattu),400.0,260.00
Pumpkin Seeds ( Healthy Superfood / Nutrition Power House ) -,200.0,240.00
"Bhumi Nepal, Brazil Nuts, Whole, Raw and Unsalted, Source of Selenium and Magnesium,",250.0,3050.00
Kurkure Chilly Chatka -,80.0,50.00
Newari Shahi Pulao Basmati Rice,1000.0,180
Kent Chicken Stock Soup,20.0,40.00
Khattu Titaura Special Bayar Candy,500.0,425.00
Kim Bhap Kim Sheet (Nori Sheet) (Sushi Sheet)- .,100.0,3500.00
Lasun Achar (Garlic),300.0,284
Sweet & Sour Mango Achar-,350.0,400.00
Candied Karonda Cherries -,200.0,200.00
Cashew Nuts (Kaju)-,100.0,190.00
Pintola All Natural Peanut Butter   Crunchy,1000.0,775.00
Sujal Choco Fun Waffer 18X,15.0,90.00
Haldirams Plain Bhujia Namkeen,180.0,121.00
Aama Ko Achar Dalle Pickle in Oil -,380.0,418.00
Barilla Maccheroni N. 44,,295.00
Chana  Best Quality,1000.0,122.00
Haldiram's Sada Papad,180.0,120.00
California Badam Almonds Desi Badam,500.0,675.00
Dry Raisins (Green Kismis),100.0,76
Date Crown Khajur,500.0,420.00
Walnut Kernels (Gudi),100.0,161
Bikano Moong Dal Plain,200.0,125.00
Parle Top Delicious Buttery Crackers,200.0,60.00
Parle Hide & Seek Bourbon Biscuit,75.0,30.00
"Big Choice Rahar Non Polish Premium Daal,",1000.0,235.00
Britannia Good Day Pista Badam Cookies,200.0,100.00
Big Choice White Peas -,1000.0,147.00
Britannia Susi Rusks,235.0,140.00
Britannia Good Day Rich Cashew Cookies,200.0,100.00
Coconut Crunchy  (Pack of 10),75.0,250.00
Parle Murano Choco Delight,75.0,100.00
Makhana ( Fox Nuts / Lotus Seeds ) -,250.0,280.00
Haldirams Soya Sticks Namkeen,150.0,90.00
Unibis Chocokiss Cookies,120.0,120.00
Munchy'S Munchini Wafer Twigs -,100.0,195.00
Poshilo's Nutri+ Satu  (Local Sattu),2000.0,1800.00
Cashew Plain Kaju -,500.0,767.00
Parle Hide & Seek Black Bourbon (Vanilla)  (Pack Of 3),100.0,150.00
Almond California  Dry Fruit -,500.0,690.00
Bikaji All-In-One Kuch-Kuch,400.0,193.00
Almond Nuts (Badam)-,100.0,142
Sabu Sacha Sabu Sabudana Agmark Tapioca Sago,200.0,60.00
Ghar Ko Achar: Mushroom Achar,250.0,650.00
Haldirams Sada Papad,170.0,110.00
Raj Chana Dal,300.0,139
Haldiram's Namkeen Aloo Bhujia,200.0,130.00
Roasted ChickPea (Bhuteko Chana),1000.0,285
Goodlife Bourbon Biscuit,160.0,60.00
Bikano Moong Dal Plain-,400.0,240.00
"Giantman Instant Oats-  With High Protein, Fibre, Whole Oats For Breakfast & Gluten Free With No Added Sugar Diet Food For Weight Loss",1000.0,400.00
Current Cheese Balls E.F,60.0,60.00
Raj Salted Peanuts,300.0,129
Patanjali Amla Pickle,1000.0,199.00
Guitole Achar Udhyog Buff Pickle,400.0,680.00
Bikaji Udad Papad,200.0,125.00
Raisins Dry Kismis (Lowers the risk of heart disease)-,500.0,345.00
Cashew Nuts ( Kaju ),1000.0,1565
Bhumi Nepal Dried Cranberry-,500.0,1200.00
Walnut Kernels (Gudi),200.0,310.00
Poshilo's Nutty Delight Satu  (Local Sattu),400.0,240.00
Britannia Digestive   Biscuits Pack of 2,250.0,234.00
Fortune Soya Chunks 200 gm ( Free),25.0,100.00
"Big Choice Regular Rahar Non Polish Daal,",1000.0,200.00
Unibic Oatmeal Digestive Cookies,150.0,120.00
Big Choice Bodi -,1000.0,170.00
Lotte Choco Pie 6Packs (Indian),150.0,150.00
Big Choice Green Peas-,1000.0,159.00
Munchy'S Vege Cracker 3 Convenient Packs -,390.0,375.00
Pran Potato Spicy Flavoured Biscuit,50.0,42.00
Berlino Macaroni Spring,400.0,130.00
Ramro Royale Fruit Cake-,20.0,160.00
Nebico Sugar Free Cracker,30.0,125.00
Britannia Good Day Rich Butter Cookies  (Pack of 2),250.0,190.00
Mcvities Digestive Dark Chocolate,200.0,200.00
Shrimann Green Kerau -,1000.0,177.00
Parle Hide & Seek Fab Orange Biscuits,112.0,65.00
Gullon Diet Nature Maria Sugar Free Box,400.0,390.00
Shrimann Bodi Whole,500.0,100.00
Local Kalo Dal,1000.0,185.00
Sushi Rice -,1000.0,500.00
Patanjali Doodh Biscuits,20.0,200.00
Aama Ko Achar Dry Fish & Red Chilli & Timer Chhop,200.0,471.00
Myfitness Peanut Butter Chocolate Smooth 1.,25000.0,1200.00
Big Choice Moong Whole -,1000.0,170.00
Bikaji Soanpapdi,200.0,115.00
Elbow Pasta,500.0,65.00
Fried Chik Peas - Bhuteko Chana,1000.0,285.00
Bhumi Nepal Dried Blueberry-,500.0,1700.00
Organic Millet Flour (Kodo ko Pitho ),1000.0,110.00
Silang Oq Oat Multigrain No Added Sugar,320.0,470.00
Lemon (Kagati),500.0,160.00
Super Grow Almond,200.0,360.00
Kaju Kismiss Almond Walnut Pista  Each,200.0,1795.00
Cashew Nuts,500.0,900.00
Shrimann Red Chana,1000.0,147.00
Lapsi Paun  Titaura Special Timur Flavour  -,500.0,320.00
Haldirams Bhujia Masala Namkeen,1000.0,602.00
Ghar Ko Achar Timmur Chhop with Garlic,160.0,450.00
Maas Daal - Geda,1000.0,170.00
Bikano Allo Bhujia,200.0,115.00
Madhuram Fresh Pistachios/pista | Dry Fruits Nuts |,500.0,1220.00
Dry Fig (Anjeer),500.0,1000.00
Big Choice Chana Daal -,1000.0,126.00
Britannia Digestive Biscuit Box,500.0,250.00
Bhansaghar Premium Long Grain Rice - Limited Special Rice Offer,20000.0,3350.00
Britannia Digestive Sugar Free Box,200.0,190.00
Pringles Potato Chips Sour Cream & Onion,147.0,299.00
Tiger White Pasta Box,200.0,78.00
Big Choice Maas Non Polish Premium Daal -,1000.0,219.00
Harlal'S Unique Almond-,200.0,360.00
Mcvities Digestive Biiscuit Celebritypack Bipasha,500.0,230.00
Dabur Chyawanprash,500.0,385.00
Hulas Basmati Premium,5000.0,780.00
Parle G Original Biscuit  (Pack of 30),21.0,105.00
Peanuts,1000.0,299.00
Kwality Biscuits/Tasty Tasty/25gm+ free (Pack of 12),20.0,115.00
Britannia 5 Nutri Grain Biscuits,300.0,250.00
Kinder Joy With Suprise,20.0,90.00
Fish Pickle,100.0,250.00
Madhuram Fresh Pistachios/pista | Dry Fruits Nuts |,200.0,550.00
Jumla Simi Dal,1000.0,261.00
Khajurico Puffino Seasame Bar (12 Packs of ),25.0,180.00
Meidan Sugar Free Black Rice Soda Cracker,45.0,395.00
Didian Soda Milk Salt Crackers Sugarfree,450.0,330.00
Laxmi Cashew Nut Plain,200.0,455.00
Munchy Oat Krunch Strawberry,208.0,425.00
Mcvities Marie Biscuits,25.0,75.00
Multi Flavour of Lays ( Pack Of  ),5.0,295.00
Bikano Navratan Mix -,400.0,215.00
"Peanuts, Walnut And Sesame Chikki",250.0,400.00
Ghar Ko Achar: Mixed Achar,350.0,350.00
"Sujal/Chocofun/Chocolaty fun, Crispy Wafer/ (Pack of 18)",11.0,85.00
Madhuram Fresh Arabian Dates |  | Premium Quality,500.0,499.00
Harlal's Unique Green Raisins,200.0,174.00
Century Mango Pickle,400.0,150.00
Haldiram'S All In  One,180.0,125.00
Unibis Multigrain Cookies,150.0,120.00
Mighty Puff: Choco Ragi -,20.0,90.00
Gullon Sugar Free Digestive -,400.0,390.00
Mummas Fermented Khalpi Achar (),300.0,284
Unibis Chocolate Chip Cookies,150.0,120.00
Berlino Pasta Penne,900.0,270.00
"Big Choice Regular Maas Non Polish Daal,",1000.0,213.00
Mcvities Digestive -,1000.0,420.00
Harlal'S Unique Almond -,100.0,180.00
Pringles Potato Chips Original,147.0,299.00
Berlino Plain Vermicelli Shortcut,150.0,45.00
Dabur Chyawanprash,250.0,185.00
Dabur Chyawanprash -,1000.0,625.00
Pringles Potato Chips Hot & Spicy,147.0,299.00
Dabur Chyawanprakash Sugar Free,500.0,385.00
Shrimann Kwati Roll -,1000.0,240.00
Goodluck Jeera Masino Gold Angoori Rice,25000.0,2100.00
Goodlife Digestive Wheat Biscuits  (Pack of 12),60.0,185.00
"Raj Sundried Potato Chips  Pack (Sundried, Fried and Spiced)",150.0,99
Bikaji Kuch Kuch All In One,360.0,225.00
Sidra machcha nauthali,500.0,600.00
Bikaji Tana Tan Aloo Bhujia,200.0,120.00
Bisk Farm/Top Herbs Biscuits/The Taste of the Finest Herbs/,200.0,100.00
Dabur Chyawanprash Avaleha,500.0,265.00
Haldirams Delista Macaroni Elbows Pastas Wholesome Goodness,900.0,240.00
JOLOCHIP Hottest Chip Madness - Last CHIP Challenge Chips (Pack Of 2),,995.00
Cashew Nuts (Kaju)-,200.0,380.00
Cashews Nuts (kaju),500.0,830.00
Paicho Vegetable Mixed Pickle,200.0,64.00
Roza Tuna Chunk In Vegetable Oil,185.0,210.00
Parle Hide & Seek Chocolate Chip Cookies,121.0,75.00
"Sushi Nori (Kagawa) 20 Sheets,",50.0,1100.00
Ilameli Chhurpi,100.0,150.00
Unibic Fruit & Nut Cookies,500.0,350.00
Lays Sizzling Hot -  - Pack Of 5,48.0,295.00
Madhuram Combo Kaju  Pista  Badam  Kismiss  Okhar,250.0,1980.00
Harlal-s Unique Pisatachios,100.0,290.00
Bikaji Bikaneri Bhujia -,1000.0,479.00
Walnut Kernels (Guddhi),500.0,810.00
Moong Chata Daal,1000.0,200.00
Badam /Almond  Pack,1000.0,1250.00
Parle Hide & Seek Fab Strawberry Biscuits,112.0,65.00
Parle Jam In Biscuts,150.0,70.00
Fox Nuts (Makhana)-,250.0,230.00
Dry Red Raisin (Rato Dakh)-,500.0,605.00
Sagarmatha Mango Pickle,200.0,65.00
Shrimann Moong Khosta Dal,1000.0,212.00
Homemade Deep Round Chilly  Pickle (Akbare  Achar),200.0,109
Ramro Jeera Zayka Cookies - Salty Crispy Cumin,,50.00
Patanjali Garlic Pickle,400.0,215.00
Kaju 200 Gm Badam 200 Gm Pesta 200 Gm Okhar Gudi  Combo,200.0,1799.00
Kaju Madhuram Fresh Cashew,250.0,460.00
Walnut -  ( Grade A- Okhar),1000.0,595.00
Fried Chik Pea   Chana,1000.0,325.00
Bikano Allo Bhujia -,400.0,215.00
Apricot (Khurpani),100.0,118
Priyagold Cheese Bite Jar (Cheez Bit) Biscuits,150.0,125.00
Parle/Parle-G Gluco Biscuits/ (Pack of 30),25.0,150.00
Shrimann Local Maas Dal,1000.0,283.00
Pran Potato Spicy Flavoured Biscuit,75.0,55.00
Mixed Sattu -,500.0,130.00
Green Peas Hariyo Kerau - Peas Best Premium Quality,1000.0,150.00
Hulas Jeera Masino  Rice,25000.0,2465.00
Bikaji Khatta Meetha (Tana Bana),360.0,225.00
Bikano Khatta Meetha,200.0,115.00
Gluten Free Quinoa  - Breakfast Food Quinoa Seeds Diet Food for Weight Loss,500.0,550.00
Parle Rusk Real Elaichi Bread Toast Biscuits,200.0,85.00
Unibic Choco Chips Cookies,500.0,350.00
Gerber Organic Grain & Grow Puffs Cranberry Orange - 1.48 oz (),42.0,1200.00
JUAS Hemp Seeds (Organic) -,250.0,220.00
Bikaji Chote Chote Mini Papad,100.0,65.00
Jau Ko Daliya/ Barley Grits,1000.0,265.00
Poshilo Nutty Delight Satu  (Local Sattu),2000.0,880.00
Dry Black Raisin With seed  kismis,500.0,550.00
Tong Garden Party Snacks,40.0,60.00
Arksh Food Dami Crispy Puff -,150.0,60.00
Julies Oat 25 Strawberry Biscuit,20.0,425.00
Shrimann Kwati,1000.0,177.00
Parle/Monaco/Crispy Light Salty Snack/Classic Regular/162.,4.0,50.00
Special Spicy Candy  Lapsi Paun Piro  Titaura  Spicy Flavour  -,500.0,320.00
McVities Digestive Milk Chocolate,300.0,290.00
Suchika Local Dalmoth,500.0,150.00
"Urban Food Canned Buff Sausage,",430.0,300.00
Dry Fruit:- Cashew Nuts,200.0,375.00
Dry Fruit:- Chinese Walnut/Chinese Okhar -,1000.0,630.00
Cashew Nuts (Kaju)-,100.0,185.00
Almond Nuts (Badam)-,100.0,160.00
Didian Banana Crisp Biscuits - 450 gm (18.75gm x ),24.0,369.00
Almonds(Badam) -,500.0,775.00
Hamro Koseli Bhuteko Badam,500.0,150.00
Tafeli Soda Crackers (No Added Sugar) -,100.0,54
Wakame (Seaweed) -,50.0,600.00
Raisins (Kismis) -,500.0,370.00
Century Lemon Pickle,200.0,85.00
Mcvities Dark Cookie Cream,50.0,25.00
Zandu Chaywanprash,450.0,296.00
Broken Walnut / Cracked Okhar Kernel / Walnuts Kernels / Okhar Gudi  -,500.0,710.00
Pringles Potato Chips BBQ,147.0,299.00
MAZZA Specialita Alimentari Fusilli,500.0,225.00
Kabuli Chana White Chick Peas [ Chole Bhature Chana ],1000.0,230.00
Aarati Premium Rice-,20000.0,3385.00
Gyan Chiura  Pkt,800.0,97.00
Unibic Choco Nut Cookies,500.0,350.00
Guitole Achar Udhyog Timur Chop,160.0,255.00
Cadbury chocobakes,,140.00
Rijal Kabulichana,200.0,110.00
Raw Peanuts,200.0,70.00
Desna Sweet Bomb Lapsi Achar (Lapsi Pickle)-,400.0,250.00
Mummas Dalle Khursani Achar,300.0,474
Mato Raisins Yellow (Kismis) -,500.0,345.00
Kent Boringer Vegetable Soup,68.0,90.00
Britannia Good day Butter,1000.0,299.00
Miaow Miaow Prawan Crackers,50.0,150.00
Arksh Food Dami Crispy Puff - 150 gm (),5.0,299.00
Peanuts,1000.0,300.00
Dhiki Jato Local Rato Bodi,1000.0,250.00
"Ginger,Garlic And Chilly Pickle",200.0,171
Dried Frigs(Angir) -,200.0,425.00
Britannia Digestive,500.0,225.00
Britannia Tiger Kreemz Orange Biscuits - Pack Of 12 - 33.,4.0,125.00
Oreo Vanilla Cream,50.0,25.00
Britannia Digestive Biscuit,250.0,130.00
Sagarmatha Mixed Pickle,200.0,65.00
Plain Cashew (Kaju) -,200.0,440.00
Dry Apricots ( Khurpani) -,100.0,130.00
Resins(Kismis) -,500.0,325.00
Haldirams Dalbiji Namkeen,200.0,115.00
Laxmi Raisin,200.0,147.00
Yellow Aaju Foods Kaguno,1000.0,414.00
Barari Prawn Crackers,120.0,40.00
Desna Piro Timur Chhop -,200.0,290.00
Brown Rice Pokhreli-,5000.0,525.00
Black Dates (Chokada),100.0,80
Haldirams Classic Salted Peanuts,180.0,125.00
Mcvities UK Hobnobs (),300.0,270.00
Raj Special Dalmoth Mixture,300.0,129
Mcvities Digestive Original,250.0,219.00
Bhumi Nepal  Multicolour Quinoa -,350.0,440.00
Raisins ( Kismis Black Raisins ) -,200.0,250.00
Korean Style Vegetarian and vegan kimchi/Best home made kimchi/Spicy Authentic Korean style kimchi made at home /Korean Pickle,200.0,350.00
Pumpkin Seeds -,500.0,599.00
Shrimann White Kerau-,1000.0,159.00
Bikaji Papad -,360.0,235.00
Haldirams Bhelpuri Namkeen,200.0,110.00
Roasted ChickPea (Bhuteko Chana),250.0,80.00
Dhiki Jato Brown Rice,5000.0,600.00
Makhana Foxnuts Lotus seeds,250.0,230.00
Patanjali Amla Pickle,1000.0,250.00
Mix Dry Fruit Nut Trail Food -,250.0,550.00
Walnut (Singo Okhar)-,200.0,133
Dhiki Jato Local Makai Ko Chyakhla (Corn Grits),1000.0,170.00
Big Choice Small Peas,1000.0,200.00
Dried Shitake Mushroom -,100.0,370.00
Britannia Tiger Krunch Choco Chips Biscuit,12.0,128.00
Bikano Chana Pataka,200.0,115.00
Haldiram's Khatta Meetha -,360.0,226.00
"Big Choice Regular Rahar Non Polish Daal,",1000.0,258.00
Almond - 1kg / Badam / Almonds -,1000.0,1400.00
Big Choice Mixed Daal,1000.0,269.00
Super Candy  Lapsi Paun  Titaura -  500Gm @ 2 Flavour / Total,1000.0,650.00
Champak Spicy Lyasse Paun  pack,400.0,270.00
Chwassa Dry Chana,500.0,160.00
Nebico/Coconut Crunches Biscuits/50 g /,6.0,90.00
"(Buy 1 Get 1 Free) Gerber Organic Grain & Grow, Soft Baked Grain Bars, Banana Mango Pineapple, 12+ Month-",156.0,1700.00
Ramro Sugar Free Coconut Whole Wheat Cookies - With Real Coconut,,160.00
Nong Shim Shrimp Hot & Spicy,75.0,165.00
Current Hot N Spicy Sticks,80.0,50.00
Dry Pistachio (Pesta)-,100.0,270.00
Kent Boringer Cream Of Chicken,71.0,90.00
Walnut Without Shells (Gudi Okhar)-,200.0,340.00
Ramro Sugar Free Cake,25.0,200.00
Premium Walnut Kernels (Guddhi),200.0,319.00
Didian High Fiber Sugar Free Digestive Biscuits,400.0,435.00
Agnesi Whole Wheat Penne Pasta #3,500.0,350.00
Gudpak,500.0,425.00
Khajurico Puff Box,16.0,1120.00
Rigatoni Pasta  Made with Durum Wheat,400.0,699.00
Dhiki Jato Bhuteko Makai,1000.0,375.00
Heart Shape Gift Box With Milk Ball Compound Chocolate  Set,8.0,425.00
Newari Shahi Pulao Basmati Rice,5000.0,975.00
Phapar Pitho ( Buckwheat flour )-,1000.0,180.00
Dry Black Raisin (Kalo Dakh)-,100.0,120.00
Arksh Food Dami Crispy Puff (Nimki Flavor) - 150 gm (),5.0,299.00
Gundruk Pickle200g And Hot Chilly,210.0,465.00
Dhiki Jato Barley Grits (Jau ko Chyakhla),1000.0,220.00
Rato Khursani ra Lasun ko Achar (Homemade Dried Red Chili and Garlic Pickle) -  - Lotus Products,200.0,225.00
Poshilo Multigrain Satu  (Local Sattu),800.0,300.00
Mummas Mula Achar,300.0,228
Big Choice Malka Musuro  Whole/Kg,,160.00
"Slurrp Farm Healthy Snacks for Kids | Mighty Puff Tangy Tomato| Not Fried, No Maida",,90.00
Almond Nuts Madhuram Premium Quality,1000.0,1495.00
Kwality Biscuits/Butter Cracker Gold/25gm+ free (Pack of 6),20.0,90.00
Haldirams Mango Pickle-,375.0,220.00
Nebico/Packets of 10/Thin Arrowroot Biscuits/,75.0,100.00
Homemade Deep Round Chilly  Pickle (Akabare  Achar),350.0,190
White Rabbit Chocolate -,180.0,370.00
Didian Digestive Biscuits (Sugar Free) - 400gm (20gm x ),20.0,405.00
Quinoa Seeds-,500.0,499.00
Unibic Digestive Sugarfree Cookies,200.0,160.00
Bikaji Baat Cheet Papad Moong Dal And Urad Dal Papad,200.0,110.00
Cashew Nuts Kaju,200.0,350.00
Apricot (Khurpani),500.0,570
"Urban Food Canned Chicken Sausage,",430.0,355.00
Didian Soda Crackers (Sugar Free) - 450 Gm (25 Gm X ),18.0,299
Didian Pure Milk Biscuits - 480 Gm (20 Gm X ),24.0,349
Patanjali Lemon Pickle,400.0,125.00
Munchy Oat Krunch Nutty Chocolate,208.0,425.00
Pumpkin Seeds ( Pharshi Ko Biyah ),200.0,237
Mummas Fermented Ginger And Tomato Mix Achar,300.0,284
Bikaji Bikaneri Bhujia,400.0,193.00
Cadbery Original Oreo Biscuits 46.3g-,12.0,232.00
JUAS Flax Seed Powder,500.0,350.00
"Chia Seeds - , Pumpkin Seeds - , Sunflower Seeds - , Flaxseed - , Watermelon Seeds -",200.0,940.00
Big Choice White Soya -,1000.0,218.00
Britannia Digestive Biscuit,1000.0,500.00
Natraj Soya Chunks Soyabean,500.0,135.00
Pringles Sour Cream & Onion,42.0,115.00
"Rahar Non Polish Daal,",1000.0,215.00
Goodlife Digistive Nuts (Pack of 12),,250.00
Quinoa Seeds,1000.0,999.00
Prawn fish  dried,200.0,300.00
Dry Fruits Cashew Kaju Grade A,500.0,820.00
Hira Foods Chana,500.0,160.00
"Agraj Snacks Peanuts,",200.0,100.00
Unibis Pista Badam Cookies,150.0,120.00
Dry Black Raisin (Kalo Dakh)-,500.0,490.00
Baidyanath Chyawanprash Chywan Vit sugar free- Health Tonic,1000.0,630.00
Maxipan Blue Berry Filling -,850.0,850.00
Fox Nuts (Makhana)-,200.0,237
Mummas Lapsi Achar (),400.0,304
Arksh Food Dami Crispy Puff - 150 gm (),16.0,959.00
Swaadilo Badaam Khursani (Fish) -,200.0,300
Haldirams Aloo Bhujia Namkeen,1000.0,560.00
Kaguno Or Foxtail Millet Wonder Grains Of Nepal Gluten Free,200.0,198.00
Patanjali Badam Pak,500.0,590.00
Red Kidney Beans -  - product of The Village by Sabah,500.0,180.00
Shrimann Kwati Roll,500.0,136.00
True Elements Whole Oatmeal  - | Breakfast Food | Wholegrain Cereal | Diet Food for Weight Loss,145.0,190.00
Parle/Parle-G Gluco Biscuits/,150.0,20.00
"Penne Pasta  Made with Chickpea, Red Lentil & Brown Rice.",450.0,799.00
Sajina  Panipuri,200.0,65.00
Chana Sattu -,500.0,160.00
Haldirams Cornflakes Mixture Namkeen,200.0,187.00
Sunflower Seeds ( Healthy Superfood / Nutrition Power House ) -,200.0,200.00
Bakers' Creation Maxipan Red Cherry Without Stem With Seed (Pit) Premium Easy Open Tin   -,850.0,370.00
Mato Red Chana,1000.0,155.00
Walnut (Singo Okhar)-,500.0,320.00
Pumpkin Seeds ( Pharshi Ko Biyah ),100.0,123
Unibic Fruit & Nut Cookies,150.0,120.00
"Agraj Snacks Dalmoth,",200.0,100.00
Dry Yellow Raisin 1Kg / Kismis  / Dakh -,1000.0,560.00
Oat Krunch Cracker Dark Chocolate,208.0,425.00
Natufoodies Blueberry Rice Puff,,950.00
Thulo Musuriko Dal,1000.0,155.00
Lekali Chop Timur,230.0,275.00
Mummas Chicken Achar (),300.0,712
Betel Nut/Tukra Supari,100.0,199
Harlal's Unique Cashewnuts Roasted,100.0,265.00
Haldiram'S Plain Bhujia,180.0,127.00
Parle Hide & Seek Fab Chocolate Biscuits,112.0,65.00
Lays Magic Masala Chips -,42.0,45.00
Haldirams Sada Papad,340.0,220.00
Munchy'S Chocolate Wafer Rolls,85.0,195.00
Didian Pineapple Crisp Biscuits - 450 gm (18.75gm x ),24.0,369.00
Knorr Classic Mixed Vegetable Soup,40.0,105.00
A-Taste Multi-grain Biscuits,320.0,450.00
Big Choice Local Maas Daal,1000.0,263.00
Chhurpi (Dried Cheese),100.0,180.00
Yellow Raisins -,500.0,280.00
Haldiram's Soystix Chatpata Masala,150.0,69.00
California Badam Almonds Desi Badam,200.0,280.00
Haldirams Moong Dal Namkeen,180.0,128.00
Britannia Digestive Sugar Free Biscuits,350.0,310.00
Didian Danish Style Cookies - 480 Gm (20 Gm X ),24.0,349
Premium Almonds,500.0,783.00
Bikaji Goldy,360.0,225.00
Patanjali Wheat Daliya,500.0,120.00
Walnut Kernels (Gudi),100.0,160.00
Haldiram'S Nut Crakers,200.0,137.00
Anoop Sattu,500.0,195.00
Aama Chhori Achar Fish Pickle,200.0,500.00
Century Mango Pickle,200.0,85.00
Almond Nuts,200.0,280.00
Goodlife/Digestive Wheat Biscuits/6 Pcs Bundle Pack/60+ free,10.0,90.00
"Broken Cashew -  ( Not As Regular Cashew , Only For Sweets )",500.0,640.00
Champak Lapsi Powder  Pack,500.0,400.00
"Combo Pack of Almond, Cashew, Green Raisains, Walnuts Kernels& Makhana  Each",100.0,665
Ramu  Mamra Giri Badam  Almond,250.0,1475.00
Mumfali Badam Dry peanuts,1000.0,310.00
Dry Green Raisin (Hareyo Dakh)-,1000.0,535.00
Mix Dry Fruit Nuts 250 Gm Combo  Fruit & Nuts,6.0,540.00
Patanjali Mix Veg Pickle,400.0,175.00
Seaweed 3.,5.0,180.00
Walnut Kernels (Gudi),500.0,750.00
Bikaji Moong Dal Papad  Packet,360.0,235.00
Bisk Farm Top Herbs The Taste of the Finest Herbs Biscuits,200.0,100.00
Parle/Krack Jack/The Original Sweet & Salty Crackers/,100.0,45.00
Britannia Little Hearts  (Packl of 6),75.0,332.00
Divella Fusilla Pasta,500.0,295.00
Sagarmatha Lemon Pickle,200.0,65.00
Laxmi Cashew Nut Plain,100.0,235.00
Haldirams Aloo Bhujia Namkeen,200.0,117.00
Mcvities Ginger Nut (),250.0,225.00
Super Candy  Lapsi Paun  Titaura -,1000.0,625.00
Poshilo Multigrain Satu  (Local Sattu),2000.0,600.00
Newari Shahi Pulao Basmati Rice -,20000.0,3549.00
Roasted ChickPea (Bhuteko Chana),500.0,152
Sidra macha -Nauthali-dried fish,,280.00
Shree Eliza Noonilo Aamilo Lapsi Candy,100.0,100.00
"Chia Seeds - , Pumpkin Seeds - , Sunflower Seeds - , Flaxseed - , Watermelon Seeds -",100.0,480.00
Green Kismis,100.0,76
Krishnabhog Premium Jeera Masino Steamed Rice,20000.0,1999.00
Dry Fruit Anjeer,200.0,495.00
Britannia Marie Gold Biscuits  Pack of 2,300.0,186.00
Plain Cashew (Kaju) -,500.0,975.00
Rijal Top-10 Mixture Dalmoth,350.0,135.00
Swaadilo Badaam Khursani (Veg) -,200.0,299.00
Chwassa Kerau,500.0,160.00
Bodi Ko Dana,1000.0,158.00
Date Crown Emirates Fard,500.0,390.00
Black Raisin 250 Gm / Kalo Dakh / Black Kismish -,250.0,290.00
Parle Happy Happy Cookies 25+ (Pack of 12),5.0,120.00
Guitole Achar Udhyog Pork Meat Pickle,200.0,400.00
Shrimann Musuro Dal -,1000.0,182.00
MAZZA Specialita Alimentari Penne Rigate,500.0,285.00
Basukis Pustakari,500.0,343.00
Goodlife Blue Top Buttery Salted Biscuit,150.0,50.00
Pashupati Papad/,60.0,40.00
Amazu Shoga Pink Pickled Sushi Ginger -,100.0,450.00
Apricot (Khurpani),200.0,250.00
Red Chilly Pickle,200.0,199
Century Kurkure Masala Munch,70.0,40.00
California Badam Almonds Desi Badam,100.0,140.00
Crunchy Pustakari  Pkt,500.0,399.00
Mix Titaura  Sweet Candy Lapsi Paun -   4 In 1 Combo Pack 500 Each -,2000.0,1250.00
India Gate Basmati Rice,,174.00
"Beyond Snáck Kerala Banana Chips - Pack of 4 Combo (4x) - Original Style, Peri Peri, Sour Cream Onion & Parsley and Salt and Pepper Chips",25.0,200.00
Organic Nepali Rajma Simi Kidney Beans,1000.0,250.00
Lion Arabian Dates  Get One Free,500.0,655.00
Ramro Shahi Namkeen Cookies - A Royal Salted Cookie,,60.00
Guitole Achar Udhyog Chicken Pickle  ( Chicken Achar),200.0,425.00
Dried Green Raisin (Hareyo Dakh)-,500.0,330.00
Gyan Makhana(Fox Nuts),200.0,339.00
Roasted Cashew (Kaju),100.0,180
Canned Mushrooms,400.0,140.00
"Tong Garden Honey Sunflower,",30.0,59.00
Mulako Achar/Best Radish Pickle/Locally Made Mula ko Achar /,250.0,199.00
Desna Sweet Bomb Lapsi Achar (Refill Pack) Lapsi Pickle-,400.0,215.00
Bikaji Papad Bc,900.0,565.00
Dry Raisins (Green Kismis),1000.0,650.00
Beyond Snack Banana Chips Peri Peri,25.0,52.00
Haldirams Nut Cracker Namkeen,400.0,240.00
Crunchy Dalmoth-,400.0,170
Homemade Deep Timur ( Sichuan Pepper),100.0,142
Britannia Treat Funky Choco  Cream Biscuits (VALUE PACK OF 6),50.0,142.00
Dry Black Raisin (Kalo Dakh)-,100.0,110.00
Shrimann Rato Chiura,1000.0,218.00
Poshilo's Nutri+ Satu  (Local Sattu),400.0,470.00
Khudo(Gulmi Thorga) -,900.0,400.00
Anjir Madhuram Fresh Dry Figs,1000.0,1950.00
Big Choice Local Moong Daal,1000.0,250.00
BS Local Organic White Soyabeans,1000.0,280.00
Poshak Satu 1KG (500gm ),2.0,325.00
Dabur Chyawanprash Sugar Free,500.0,385.00
Kismis raisin,500.0,325.00
Potato Chip Rs 40 (Pack of 5),,200.00
Walnut  Okhar -,1000.0,610.00
Meidan Soda Cracker Celery Sugarfree,450.0,395.00
Almond Nuts Madhuram Premium Quality,500.0,750.00
Makhana  Packet,250.0,299.00
Harlal's Unique Yellow Raisins,100.0,87.00
Sunflower Seeds Kernels -,100.0,114
Pran Potata Spicy Buiscuit,,55.00
Century Mixed Pickle,400.0,155.00
Flax Seed Good Quality- ( Aalash),1000.0,450.00
Idly Atta Instant Mix,200.0,120.00
Champak Kalo Sukuti (Lapsi Paun)  Pack,500.0,325.00
Ghar Ko Achar Lemon Achar,350.0,400.00
Pistachio,500.0,1350.00
Haldiram's  Punjabi Tadka Namkeen,200.0,145.00
Combo Flax Seed - Pumpkin Seed - Packet,500.0,725.00
Britannia Milk Bikis Biscuit,24.0,255.00
Gyan Basmati Rice Premium -,5000.0,792.00
Guitole Achar Udhyog Chicken Pickle,400.0,760.00
Fried Chik Peas -  Bhuteko Chana,500.0,145.00
Hamro roKoseli Jumla Rato Marsi Chamal,1000.0,280.00
Almond Nuts,500.0,700.00
Harlal's Unique Pisatachios,400.0,1160.00
Brown Rice Pokhreli-,1000.0,110.00
Parle/20-20 Butter Coockies/50g/,12.0,117.00
Pack of  Puff,16.0,1075.00
Lapsi Paun For Timur Candy Lover  Titaura  Timur Flavour  -,500.0,325.00
Makhana  Packet / Mixed Size,250.0,280.00
Nepali Farmer Homemade Timur Chop Achar -,110.0,331
Britannia Treat Funky Choco  (Pack of 6),50.0,120.00
Sagarmatha Green Chilli Pickle,200.0,65.00
Parle/Top Delicious Buttery Crackers/ (Pack of 12),25.0,120.00
White Dry Dates (Seto Chokada),100.0,71
Ramro Nutty Kaju Cookies - Real Dry Fruits,,50.00
Shrimann Mix Dal -,1000.0,177.00
Belgian Waffle - Chocolate Waffle Crisps,,210.00
Haldirams Punjabi Masala Papad,170.0,110.00
Laxmi Pustakari,400.0,280.00
Mcvities Digestive Original,400.0,320.00
Shrimann Rajma Dal,1000.0,224.00
Roble Zayoo Ready To Fry 3D Oval Papad,1000.0,250.00
Tafeli Soda Crackers (No Added Sugar) - 450gm (25gm x ),18.0,269
Sita Sweet Chana Sattu,450.0,160.00
Walnut Kernels (Gudi),200.0,304
Nepal Gold Premium Katarani Rice,25000.0,2100.00
Pintola Peanut Butter All Natural Creamy,1000.0,795.00
Bauli Moonfils Strawberry Cake,45.0,65.00
Balaji Gold Cashews-,250.0,349.00
Mummas Lemon & Dalle Khusani Mix Achar,300.0,284
Anjeer  ( Dried Fig / Anjeer ) -,100.0,240.00
Ramro Irish Custard Cookies,150.0,50.00
Britannia Sugar Free  Biscuits (VALUE PACK OF 2),200.0,340.00
Silang Natural Oat Cracker No Sugar,380.0,450.00
Poshilo Nutty Delight Satu  (Local Sattu),800.0,440.00
Hing Goli  Hinggoli   - Good For Digestion,100.0,125.00
2PM Cheese Balls (Blue),60.0,50.00
Haldirams Dalbiji Namkeen,400.0,226.00
Chana Daal -,1000.0,148.00
Chia Seeds ( Chia Seed / Healthy Supper Food ) -,1000.0,980.00
Mummas Tama & Dalle Khursani Mix Achar,300.0,284
Didian Digestive Biscuits (Black Sesame Flavor) - 400gm (20gm x ),20.0,379
Dry Fruit:- Almond Nuts (Badam)-,1000.0,1555.00
Green Raisin 1Kg / Kismis / Dakh -,1000.0,570.00
Mummas Karela Achar (),300.0,299.00
Cadburry/Oreo/Choco cream Flavoured/50g/ Bundle Pack/Chocolaey Sandwich Biscuits,12.0,290.00
Homemade Deep Lapsi,200.0,76
Priyagold Cheese Cracker Biscuits,140.0,70.00
Chwassa Furundana,65.0,30.00
Rijal Agro Hot & Sweet Lapsi Pickle,380.0,166.00
"Date Crown Fard Dates,",500.0,400.00
Munchys Sugar Cracker,38.0,375.00
Mumfali Badam Dry peanuts,1000.0,300.00
Anoop Sattu,500.0,135.00
Rijal Furandana,700.0,260.00
"Gerber, Teethers, Gentle Teething Wafers, Strawberry Apple Spinach, 7+ Months,",12.0,1400.00
Poshak Jau Ko Satu / Barley Satu / TSAMPA 800 Grams (),2.0,295.00
Desna Piro Timur Chhop (Refill Pack)-,200.0,255.00
Quality Checked Organic Aalas For Veg Mixing And Achar Pack Of,500.0,237
Fox Nuts (Makhana)-,100.0,125.00
Cheese Chilli Rs 50 (Pack of 3),,150.00
Haldirams Cornflakes Mixture -,400.0,425.00
Century Penny Chiness Chilly Tomato Flavour,55.0,40.00
Roza Saradine In Tomato Sauce With Cumin,185.0,190.00
Sun fest Dark Fantasy Biscuits  Set Of 12,75.0,240.00
Raisins KisMis (Dakh) Dried Grapes,500.0,300.00
Barnyard millet processed -,500.0,500.00
Century Mango Pickle,1000.0,275.00
Desna Babaal Piro Dalle Achar (Akbare Pickle)-,380.0,450.00
Didian Conocut Biscuit - 300gm (37.5gm x ),8.0,299.00
Julies Oat 25 Ten Grains Biscuits,20.0,425.00
Dhiki Jato  Kerau Daal,1000.0,240.00
Gyan Basmati Rice Premium,20000.0,2949.00
Ramro Oats And Dry Fruit Cookies,120.0,60.00
Laxmi Pustakari,200.0,140.00
Shree Eliza Aamilo Piro Lapsi Candy,100.0,100.00
Raisins Dry Kismis (Lowers the risk of heart disease)-,1000.0,620.00
Haldirams Kashmiri Mixture Namkeen,400.0,400.00
Anjir  / Anjeer / Fig -  By Sarga Bazar,1000.0,2100.00
Mango Sweet Pickle -,400.0,200.00
Poshak Satu,2.0,300.00
White Dried Peas (Seto Kerau)-,1000.0,180.00
Haldiram'S Salted Peanuts,180.0,131.00
Organic Nepali Rajma Simi Kidney Beans,1000.0,165.00
Mummas Buff Achar,300.0,684
Parle G Original Biscuit 25+ (Pack of 24),17.0,240.00
Ramro Digestive Whole Wheat Cookies,145.0,100.00
Modern Cream Rolls,300.0,200.00
Lemon (Kagati),1000.0,300.00
A-One Sweets Traditional Rasgulla Mithai  -,1000.0,290.00
Mato Walnut Peeled (Okhar) -,200.0,465.00
Ghar Ko Achar Sprout Methi Achar,350.0,350.00
Patanjali Amla Murabba,1000.0,435.00
Chia Seed -,1000.0,1325.00
"Chia Seeds - , Pumpkin Seeds - , Sunflower Seeds - , Flaxseeds -",200.0,710.00
Haldirams Soan Papdi  (Made with Vegetable Oil),200.0,226.00
Newari Shahi Pulao Basmati Rice -,5000.0,965.00
Pintola Peanut Butter All Natural Crunchy,1000.0,795.00
"Agraj Snacks Hara Matar,",200.0,100.00
Tilauri -Chips,500.0,80.00
Dry Coconut (Singo Nariwal) -,200.0,160.00
Dhiki Jato Local Moong Daal,1000.0,260.00
Moong Dal Khichadi-,200.0,900.00
Kent Chicken Bouillon 6Cubes,60.0,110.00
Combo Pumpkin Seed -500Gm Sunflower Seed-  Packet,500.0,1100.00
Watermelon Seed Kernels (Magaz) -,100.0,114
Madhuram Classic Walnuts/Okhar Without Shell | Dry Fruits Nuts |,250.0,490.00
Chhurpi  Dried Cheese),50.0,95.00
Marsi Rice,1000.0,270.00
Dates Crown -,1000.0,799.00
Dry Black Raisin (Kalo Dakh)-,500.0,551
"Big Choice Maas Chhata Daal,",1000.0,236.00
Natufoodies Aeroplane Toddler Biscuit - Blueberry & Beetroot,,1350.00
Britannia Good Day Pista Badam Cookies  Pack of 2,200.0,180.00
Meidan Soda Sugar Free Crackers Pkt,450.0,330.00
Rajma Nepali Local ( Kidney Beans),1000.0,240.00
Fry Masala Namcham Sukuti Buff Dry Meat  - Spicy Sukuti,500.0,1249.00
Bikaji Kaju Badam Laccha,350.0,340.00
Millet Pancake Mix : Banana Chocochip & Supergrains -,150.0,450.00
Britannia Good Day Butter Cookies,68.0,20.00
Bikano Khatta Meetha,400.0,215.00
Almond Nuts (Badam)-,500.0,700.00
Raisins KisMis (Dakh) Dried Grapes,100.0,75.00
Bikaji Bikaneri Kuch Kuch Bhujia -,1000.0,460.00
Dry Red Raisin (Rato Dakh)-,1000.0,1180.00
Local Kidney Bean (Rajma),1000.0,250.00
Cashews Nuts (kaju),1000.0,1600.00
Dry Black Raisin  With Seed Kismis,1000.0,1100.00
Dried Fig (Anjeer)-,500.0,1155.00
India Gate Super Rozzana Rice,5000.0,1085.00
DhikiJato Proso Millet (Chino)-,1000.0,350.00
Paicho Mix Pickle,400.0,165.00
Pasteurized Pistachio Nut ( Pista ),100.0,230.00
Date Crown Bumaan Dates -,500.0,380.00
Local Musuriko Dal,1000.0,185.00
