Title,Unit(grams),Price(NRs)
"VESTEL 32"" Inch Standard TV LED Television | IPS Panel | Dolby Sound | Full HD | Free wall mount |  Warranty",,13990.00
LG Microwave 20 Ltrs. - MS,,13489
WHIRLPOOL 200 IMPC Cls Grey Nep -   Direct Cooling Single Door Refrigerator (Grey),,24703.00
Rechargeable Electronic Jar Water Pump,,375.00
SAMSUNG RT28A3022GS -  Frost Free Double Door Refrigerator (Dit) - Silver,,45999.00
SAMSUNG RR20C20C2GS/IM -  Direct Cooling Single Door Refrigerator (Silver Grey),,27499.00
WHIRLPOOL 24 Litres All in One Convection Microwave With 130 Intellicook Menus (Magicook Pro  Black),,19599.00
OLIVE  Direct Cooling Single Door Mini Refrigerator,,17499.00
Wega  High Sound Hd LED TV,,13990.00
Whirlpool Microwave Solo 20L Magicook Pro  Black,,10950.00
Wega  With Free Wall Mount Television,,13990.00
SAMSUNG MS23A3513AK  Solo Microwave with Ceramic Enamel Cavity (Black),,17999.00
Mini Portable Stand Fan With,,375
WHIRLPOOL MagiCook  Black Mirror -  Tandoor Series Convection Microwave,,29199.00
"Austin Black LED TV /32""Inch STC-3200 (Borderless)",,19900.00
43P635 - 43 Inch Bezel-Less 4K Ultra HD Smart LED Google TV With  Warranty,,47000
Mini Fridge | Portable Refrigerator With Led Mirror -,,7500.00
SAMSUNG 192Ltr Single Door Refrigerator - RR20A,,30490.00
Dychi  Tv Frameless,,14000.00
Electronic Jar Water Pump,,390.00
Samsung RR20C20C2GS/IM -  Direct Cooling Single Door Refrigerator with Digital invertor,,27499.00
WHIRLPOOL 245 Litres Frost Free Double Door Refrigerator (NEO  Chromium Steel),,42099.00
Whirlpool 200 IMPC Cls Grey   Ice Magic Power Cool Cls Grey  Single Door Refrigerator,,24703.00
Wega  TV Double Glass Black,,14240
WHIRLPOOL 200 GENIUS Cls Wine Adora -  Direct Cooling Single Door Refrigerator (Wine Flower Pattern),,25999.00
Whirlpool  Mw 20 Bs  Solo Microwave Oven- White/Black,,10955.00
LG Microwave 1950W 28 Ltr. - MC,,31089
"MS23A3513AK - SAMSUNG 23 Litres Solo MicrowaveOven With Quick Defrost, Ceramic Inside, Local Recipe, ECO Mode And  Full Product Warranty",,16990.00
Samsung 43 Inch Smart  TV,,59000.00
Lifor 50 Litres Mini Bar Refrigerator Silver LIF-RS,50.0,14499.00
Amahi 100 Liters Direct Cooling Single Door Mini Refrigerator (AMRSF-130J Silver ),,16890.00
Lifor  Single Door Mini Bar Refrigerator (Silver),,14499.00
SAMSUNG RR20M282ZS8 -  Digital Inverter Single Door Refrigerator - Mettalic Silver,,32500.00
CG 170 Ltr Refrigerator - CGD6.GF,,31489
Amahi s Direct Cooling Single Door Mini Refrigerator (AMRSF-130J- Titanium Silver)),,16400
CG Hot And Electronic Cooling Water Dispenser - CGWD38C,,10939
IFB 25BC4 Conv  Convection Microwave  Oil Free Cooking | Auto Cook Menus,,25335.00
Electron  El-1005 Cordless Kettle 1.,,1250.00
HISENSE  HD TV Black,,27999.00
WHIRLPOOL 200 GENIUS Cls Wine -  Direct Cooling Single Door Refrigerator (Wine),,23499.00
LG Microwave 21 Ltrs - MC,,23989
Amahi  Direct Cooling Single Door Mini Refrigerator (AMRSF-130J),,16890.00
WHIRLPOOL Protton  Triple Door Frost Free Refrigerator (Alpha Steel),,57999.00
SAMSUNG 253 ltr Double Door Refrigerator - RT28A,3022.0,46000.00
Electron  El-1005 Cordless Kettle 1.,,1250.00
Rechargeable Electronic Jar Water Pump,,449.00
Hisense  Led Tv,,17990.00
Whirlpool Microwave Oven Magicook  Pro  Convection,,19615.00
Wega 43 4K UHD LED Smart Android TV 1 GB RAM  ROM,8.0,36990.00
Whirlpool 185 Litres Direct Cooling Single Door Refrigerator ( Cls  Plus Purple Linnea),200.0,25999.00
Wega 24 Inch Full Hd  LED Tv,,11990.00
"Electron Seamless Electric Kettle 1.8L EL-1023,",,1599.00
Electron 3 in -Purpose Electric Jug - 1022,,1090.00
Whirlpool Microwave Oven Magicook  Pro  Convection,,19618.00
Whirlpool  200 IMPC Cls plus 1s Grey Nep -  Direct Cooling Single Door Refrigerator Grey,,24728.00
Della 100 Ltrs Mini Refrigerator (DL),110.0,16990.00
Samsung MS23A3513AK/TL  Solo Microwave (Black),,17991.00
LG Microwave Oven 28 Lt - MC,,28189
Rechargeable Automatic Water Jar Pump,,325.00
Hitachi  Solo Microwave Oven (HMR-M2002),,13599.00
Baltra Microwave Oven Cuisine BMW101 Grill And Mircowave 20 liters 700-,,13599
SAMSUNG RR20C20C2RH/IM  Single Door Refrigerator - Red,,26499.00
Electron  Electric Kettle 2. El 1020,,1649.00
Hisense RQ56WC4SS - 510 Litres Inverter  Side -By-Side Door Refrigerator With Stainless Steel Pure Flat Design,,134999.00
"IFB 20 L Grill Microwave  (20PG, Black & Silver)",,15495.00
Electron Aroma Steel Rice Cooker 1. With Steel Steamer,,3434.00
SAMSUNG CE76JD/XTL -  Convection Microwave Oven with Curd Making (Black),,24499.00
LG Refrigerator 258 Ltrs-GLK.APZQ,,50989
Lifor LIF-RS50CGA  Mini Refrigerator Silver,,14499.00
"Electron Rice Cooker Warmer Full Body Galaxy, Model: DRC 4048, 1.8 ltr, 700W, 220V~ AC",,2420.00
BALTRA BRF 120DD  Direct Cooling Double Door Refrigerator (Silver),,20999.00
Baltra Refrigerator 120Litre (BRF01),,22680.00
Electron  One Cup Multi Utility Electric Jug Eleb-1034 ( ELEB-1034),,1890.00
KONKA 24 Inch HD LED TV (KE306),,15600
"RR19M20A2RH/IM - Samsung 192 Ltr Direct Cool Single Door Refrigerator With 1 year full warranty and 5 years warranty on compressor ( Maroon red,  )",,25390.00
Olive  Direct Cooling Single Door Refrigerator (Grey),,17499.00
IFB 23BC5 Conv _ Convection Microwave  Oil Free Cooking  Auto Cook Menus ( Black),,23695.00
Aura Convection Microwave Oven -,,24900.00
Hisense Hx32N2173H  Led Tv,,17990.00
Baltra  Bmw  Digital Grill Microwave Oven - White,,14170.00
Samsung 75 LED TV  Smart Uhd TV By East of kathmandu,,303490.00
Videocon 50  UHD HDR Bezelless Android Smart Led TV,,56500.00
Whirlpool Icemagic 190 Litres Refrigerator With Base Stand ( Roy Purple Linnea),,30699.00
CG Refrigerator 185 Ltrs - CGS,,27689
IFB 30BRC2  Rotisserie Convection Microwave (Black),,29434
KONKA Chest Freezer  (KCF 227),,42000.00
SAMSUNG 192 Liters Single Door Refrigerator (RR20C20C/IM),2.0,27500.00
Electron Elvo-23 Electric 23L Oven -,,7990.00
SAMSUNG MC28H5023AK  Convection Microwave With Ceramic Cavity (Black),,27999.00
"Whirlpool Icemagic Powercool 200L Single Door Refrigerator , Sapphire Abyss ,  warranty )",,27000.00
Electron  Bst-807 Vacuum Cleaner -,,6990.00
X-AGE 32 Normal LED TV  Full HD,,14600
Whirlpool   Solo Microwave Oven,,10990.00
Electromax Gas Geyser 6L ( 2 Year Warranty) 921/922 Model ISO  Product save watter and electricity,,6480.00
"TCL 50"" 4K UHD Google Certified Android TV - 635",,71890.00
SAMSUNG CE77JD-QB   Convection Microwave with SlimFry™ & Curd Making,,25999.00
Whirlpool  Wmd-200 Sl  Single Door Refrigerator - (Grey),,24769.00
Godrej Microwave Oven 28 L - GME728CF,,23390.00
Mini Portable Stand Fan For Home and Office (Assorted Color),,399.00
Baltra Microvave Carnival,,10897
"Haier 49"" 4K Led Television, LE49F",,49990.00
Rechargeable Automatic Water Jar Pump,,599.00
SAMSUNG RR20C2Z226R/IM  Single Door Refrigerator with Stylish Grande Design (Flower Pattern Red),,32499.00
SAMSUNG RR20A274ACU -  Direct Cooling Single Door Refrigerator 2020 (Camellia Purple),,29499.00
LG Microwave 2400W 32 Ltrs. - MJEN,,40289
SAMSUNG  RT37C4521S8/IM - 345 Litres 5 In  Double Door Refrigerator -Silver,,70499.00
Whirlpool Neo 258LH Cls plus Athena Steel  245 L  Frost-Free Double Door Refrigerator,,44775.00
WHIRLPOOL 245 Litres Frost Free Double Door Refrigerator (NEO  PRM-Wine Chromium),,42099.00
Godrej Microwave Oven 23 Ltrs - GME523CF-Red Floral,,19490.00
Aura Microwave Oven 3 In 1 Convection -,,24200.00
Mi TV 5X - Smart TV ( 43 inch  ),,59999.00
Samsung  Rr20M282Zs8/Im  Single Door Refrigerator - Silver,,32499.00
IFB 30FRC2 -  Rotisserie Convection Microwave black,,30250.00
Rechargeable Electronic Jar Water Pump,,800.00
Electronic Jar Water Pump,,390.00
"VESTEL 32"" Inch Tempered Glass TV LED Television | IPS Panel | Dolby Sound | Full HD | Free wall mount |  Warranty",,14990.00
Rechargable Electronic Water Jar Dispenser,,550.00
"Rechargeable Electronic Jar Water Pump For House, Office, Shop And Many More",,390.00
"Electron Aroma Rice Cooker Straight Stainless Steel Body & Steamer Pot, 1.8 ltr, Model 6018SS, 700W, 240V~",,3435.00
Set of 2 - Usb Rechargeable Electric Water Dispenser Universal Drinking Water Pump Portable Water Bottle Pump,,664
Hitachi  Grill  Microwave Oven (  HMR-DG2312),,20824.00
SAMSUNG  RR20C2412S8/IM  Direct Cooling Single Door Refrigerator - Silver,,30499.00
Rechargable Electronic Water Jar Dispenser,,499.00
SAMSUNG RT28A3022GS - 253 Litres Frost Free Digital Inverter Double Door Refrigerator (Grey Silver)(),,45999.00
Wega  Black LED TV Double Glass,,13290.00
Philips  40Pfa4150/98  Led Tv -  (Black),,54900.00
Electron Whistle Electric Kettle  (Colour Assorted),,1760.00
Electron Water Dispenser Desk  (El-) White,,4200.00
NEW 2022 HITECH Malaysia 32HD3000  HD LED TV,,23799.00
SAMSUNG RT30K3342S8   Frost Free Digital Inverter Double Door Refrigerator (Inox Silver),,54499.00
KONKA Chest Freezer  (KCF 520),,78000.00
DHI DH-SDR2104SG/RF  Single Door Refrigerator,,27359
X-AGE 24 Normal LED TV  Full HD,,10200.00
LG Microwave 23 Ltrs. - MH,6336.0,23589
WHIRLPOOL Protton  Triple Door Frost Free Refrigerator (Alpha Steel),,55299.00
Amahi  Direct Cooling Single Door Mini Refrigerator (AMRSF-130J),,16400
KONKA 32 Inch HD LED TV (KE316),,20400
Electron Elvo-19 Electric Oven  - (Black),,6790.00
WHIRLPOOL 185 Litres Direct Cooling Single Door Refrigerator ( Cls  Plus Wine Linnea),200.0,25999.00
Samsung  253 Ltr Double Door Refrigerator (Rt28A/Im),3022.0,46000.00
Philips 32Pft4002  Led Tv -  (Black),,29999.00
SAMSUNG 192 Liters Single Door Refrigerator (RR20C20C/IM),2.0,27490.00
Hisense  RS-12DR4SA  Single Door Refrigerator,,17990.00
"UA55AU7700 - SAMSUNG 55 Inch Crystal 4K UHD AU7700 Series, HDR, Smart TV with Alexa Built-In (  )",,106480.00
Palsonic 24N  HD LED Tv,,13999.00
"SAMSUNG MC32K7056CB -  Convection Microwave With Hot Blast™, Slim Fry™, Masala Tadka & Sun Dry™",,41999.00
Baltra  Bmw-105 Carnival  Microwave Oven -Original,,11350.00
"TCL 55"" 4K UHD Google Certified Smart Android TV - 635",,79090.00
Samsung RT28A3022GS -  Frost Free Double Door Refrigerator (DIT) - Silver Color,,46000.00
CG  LED TV,,16789
Palsonic  Hd LED Tv,,13999.00
Whirlpool 185 Ltr Refrigerator 200 Genius CLS Plus  Grey - Z,,23990
GEM GRD-70HSWP  mini  Bar  () Direct Cool Single Door Refrigerator_ Hairline Silver,,15900
"Gem 50L Direct Cool Single Door Refrigerator (GRDN-, Dark Grey)",,15999.00
CG Refrigerator 170 Ltrs - CGD6.RF,,31489
Videocon  Ready Led Tv,,17999.00
Electron Elvo-38F Electric Oven  - (Black),,10500.00
"Videocon 55"" Bazelless  Uhd Android Smart Led Tv",,66999.00
BALTRA Elite Stand Water Dispenser Hot And Cold,,14800.00
IFB 30FRC2 -  Rotisserie Convection Microwave,,30255.00
KONKA 43 Inch Android Smart HD LED TV (KE2023),,42000.00
SAMSUNG RR20T282ZU8  Direct Cooling Digital Inverter Single Door Refrigerator With Base Stand (Saffron Red),,35500.00
"SAMSUNG 55"" Crystal UHD 4K Smart TV  UA7700",,99499.00
Samsung  253 Ltr Double Door Refrigerator (Rt28A/Im),3022.0,46500.00
"LG 55"" UHD 4K Smart LED TV - 55UQ",,103990.00
CG Refrigerator 185 Ltrs - CGS,,25289
BALTRA BRF 150DD Fancy  Direct Cooling Double Door Refrigerator,,24999.00
Electron  El-1007 Cordless Kettle 1.,,1250.00
LG Microwave 32 Ltr. - MC,,33989
"Electron Electric Jug/ Kettle EL 1005, 1.8L, 1500W, 220V~/",,1190.00
IFB 25BC4 Conv  Convection Microwave  Oil Free Cooking  Auto Cook Menus,,25000
HISENSE  Bottom Mount Double Door Refrigerator (Silver),,35499.00
Electron 3 in -Purpose Electric Jug - 1034,,1790
LG Microwave 36 Ltrs. - MS,3636.0,29089
OnePlus 43Y1 108 cm () Full HD LED Smart Android TV,,69990.00
CG 32 Inch Smart LED TV - CG32L,,26289
Palsonic  HD LED Tv,,13990.00
Whirlpool Icemagic 190 Litres Single Door Refrigerator ( Prm Lumina Steel),,29699.00
Whirlpool  Triple  Doors Refrigerator 240Ltrs  Proton Roy  (Alpha Steel),,53610.00
CG Refrigerator 190 L - CGS,,30089
SAMSUNG RR20A274ACR -  Direct Cooling Single Door Refrigerator 2020 (Camellia Purple),,30500.00
"Wega 55 Inch  UHD Smart LED TV Double Glass - Android 11.0, 1.5GB Ram, 16GB Rom Model No 55W -X21",,58990.00
Indiana Bezel Less  LED TV ADS A Panel,,12200.00
"Palsonic Australia 32"" Bazelless HD Led Tv - Black",,26000.00
Electron El- Hot & Normal Water Dispenser,,3500.00
Hitachi  Grill  Microwave Oven (HMR-DG2012),,16999.00
Hisense  Hx39N2176F  Hd Led Tv,,29990.00
"GEM 100 L Direct-Cool Single Door Refrigerator (GRDN-, Dark Grey)",,17499.00
KONKA Refrigerator 215 Ltrs Single Door (KRF/KRFF/B),,30000.00
Rechargable Electronic Jar Water Pump,,399.00
DHI DH-SDR1854SG/RF/BF  Single Door Refrigerator,,25459
Idea  Double Glass  Led Tv,,10750.00
Electron  Cy-S Double Burner Gas Stove,,2949.00
LG Refrigerator 260 Ltrs - GLK.ARGQ,,57189
Electron  Whistle Electric Kettle  (Colour Assorted),,2249.00
Whirlpool Neofresh 245 Litres Frost Free Double Door Refrigerator With  Sense Deep Freez Technology Midnight Athena,,44799.00
"Hisense, RD-23DR4SRW1,  Refrigerator With Water Dispenser",,28445.00
Whirlpool 185 Liter 200 Genius CLS  Plus  Wine Single Door Refrigerator,,24025.00
Whirlpool 20 L Magicook  Microwave Oven,,10900.00
Samsung RR19T25CA6U/IM  Single Door Refrigerator,,31500.00
SAMSUNG RT28A32216R -  Frost Free Double Door Refrigerator (DIT) - Mystic Overlay Red,,51000.00
Whirlpool Microwave oven Magicook Pro  ( Black) Grill,25.0,17840.00
USB Rechargeable Electronic Jar Water Pump,,440.00
Videocon Refrigerator  Single Door,,25000.00
Godrej Mini Refrigerator . - CHOTUKOOL-BLACK,,16390.00
IFB  20Bc5  Convection Microwave - Black,,19990
Samsung  RT28A3022GS- Double Door Refrigerator,,45490.00
Sony 65 Inch 4K Ultra HD TV X80K Series: LED Smart Google TV with Dolby Vision HDR KD65X80K-,,202300.00
Automatic Electronic Kittle,,2232.00
Rechargeable Electronic Jar Water Pump,,449.00
"Samsung Ua32N 32"" Hd Led Tv - Black",,32950.00
GEM GRD-70HSWP  mini  Bar  () Direct Cool Single Door Refrigerator_ Hairline Silver,,15999.00
Idea  Glass Full HD LED Tv,,12570.00
Samsung RR19T25CA6R/6U  Single Door Refrigerator - RED,,31490.00
Videocon 32Dn5  Led Tv,,17999.00
Electron  El- Hot & Normal Water Dispenser,,3390.00
Electron  Automatic Gas Stove Single Burner,,2250.00
Automatic Water Dispenser Pump Automatic Water Dispenser With Rechargeable Battery Electron Water dispenser,,474
Samsung UA32T4400ARXHE  Smart Hd Led Tv,,32880.00
"VESTEL 24"" Inch Tempered Glass TV LED Television | IPS Panel | Dolby Sound | HDR | Free wall mount",,11990.00
Electron El725  Electric Whistle Kettle,,2190.00
Electron Whistle Kettle 6.0 L With  Warranty( ELEK-4626 ),,2365.00
Whirlpool Icemagic Powercool 185L Single Door Refrigerator( No.1 in Ice-Making    Warranty),,32640.00
Panasonic 197L Refrigerator-NR-A,,25909.00
Whirlpool Neo Fresh 265 Litres Frost Free Double Door Refrigerator( neo  PRM Wine Chromium ),,50125.00
"Videocon 24""  Hd Led Tv",,14990.00
Samsung  Rr20N2441S8  Single Door Refrigerator - Silver,,29500.00
USB Rechargeable Electronic Jar Water Pump,,399.00
Electron Multi Utility Electric Jug _ Egg boiler,,1200.00
Idea  Glass Full HD LED Tv Black,,12570.00
LG Refrigerator 285 L - GLM.APZQ,,65989
LG Refrigerator 471 Ltr - GLB,,106889
Samsung RT34T 46324R 314 Liters Digital Invertor 5. Double Door Refrigerator With Curd Maestro ( Rythmic Twirl Red),,69490.00
SAMSUNG 192ltr Refrigerator - RR19T25CA,,31500.00
LG Refrigerator 471 Ltr - GLM,,100190.00
WHIRLPOOL Protton  Litres Triple Door Frost Free Refrigerator  (Alpha Steel),,55500.00
Videocon Vnn32Hh  Led Tv,,17999.00
Baltra  Microwave Cuisine,,13845.00
Philips 32Pft4002  Led Tv -  (Black),,29999.00
LG Refrigerator 437 Ltr - GLB,,98789
Mini Portable Stand Fan (Assorted Color),,399.00
Della  Hd Led Tv,,15500.00
Whirlpool   Convection Microwave Oven With Touch,,19700.00
Electron El725  Electric Whistle Kettle,,2110.00
Gas Stove Single Burner (CY-109),,1790.00
Mini Portable Fan with stand,,530.00
Samsung 345 ltrs 5in1 convertible double door refrigerator (RT37M/IM),,70500.00
HS-HR-215CRPG-N- - Himstar Refrigerator,,33990.00
Videocon 50 Bezelless  UHD Android Smart Led Tv,,55500.00
Hisense RD-23DC4SS  Bottom Mount Double Door Refrigerator_Silver,,33425.00
SAMSUNG RT39C5531S8/IM  394 Litres 5 in  Digital Inverter Double Door Refrigerator with Twin Cooling Plus™ (Silver),,106699.00
Microwave  Solo,,10150.00
Electron Digital Gas Geyser/Water Heater 6 Ltr.  Model No. El-  Mitrata,,9400.00
Whirlpool 185 Liters  Single Door Refrigerator (200 Genius Cls Pls  Grey),,24025.00
"UA55AU7700 - SAMSUNG 55 Inch Crystal Ultra HD 4K Smart LED TV With Sleek design, Bixby, Narrow Bezel and Packed with Features(  )",,99999.00
Idea  HD LED Tv,,16035.00
IFB 25BC4 Conv  Convection Microwave  Oil Free Cooking | Auto Cook Menus | Fermentation | Yoghurt,,25299.00
Samsung RR19T25CA6R/6U  Single Door Refrigerator - RED,,31499.00
Whirlpool Neo Fresh  Frost Free Double Door Refrigerator (Chromium Steel),,50125.00
Electron Electric Kettle   (El-1023 ),,1390.00
"Palsonic Australia  32"" Full Hd Led Tv - Black",,17990.00
"Videocon 55"" Bazelless  UHD HDR Android Smart Led Tv",,66999.00
Electron Electric Jug 1.8 Lits Steel Body BL-1005,,1188.00
Whirlpool 185 Liter Single Door Refrigerator (200 Genius CLS PLUS  Grey),,23990.00
Electron  Crc-42 Rice Cooker - 4.,,5460.00
Samsung 192 Liters Single Door Refrigerator (RR20A),,30499.00
ELECTRON  Glass Top Automatic Gas Stove,,8030.00
Electron  Crc-56 Rice Cooker-5.,,7450.00
Della  HD Led Television,,21790.00
Whirlpool Magicook Pro  Black,,12950.00
Electron  El-1005 Cordless Kettle 1.,,1290.00
"NEW 2022 Thomson 32K 32"" Frameless Normal LED TV",,17565
Baltra Wow Table Top Water Dispenser,,3919.00
Samsung  Rr19M20A2Rh  Single Door Refrigerator - Scarlet Red,,26499.00
Whirlpool 24 L Convection MicrowaveOven (MAGICOOK PRO ),,21990.00
Cream Color Automatic Electronic Kittle,,1348.00
Whirlpool  260 Ltr Refrigerator  Fp,,58045.00
"Palsonic Australia  32""  Hd Led Tv - Black",,26000.00
Electron   Hot And Cold Water Dispenser,,9399.00
"Samsung  28L Convection Microwave oven  With  Cavity, MC28H/TL",,29480.00
Electron Vacuum Cleaner  (BST-816),,9760.00
"GEM 100 L Direct-Cool Single Door  Mini Bar Refrigerator (GRDN-, Dark Grey)",,17900.00
Whirlpool Refrigerator 245 Ltrs NEO  CLUS Plus Wine  Chromium,,42088.00
"Wega 32 Inch Led Smart Android 9.0 Wifi Frameless Tv, High Sound + Free Wall Mount, 4K &  Supported",,18785.00
"LG 50"" UHD 4K Smart LED TV - 50UQ",,95790.00
Electron  El-1007 Cordless Kettle 1.,,1290.00
Hisense   Refrigerator With Water Dispenser (Red),,28690.00
Midea Auto Timer 4 Gas Burner Hob (096),60.0,36000.00
Electron Stand Fan  Black – (ELFS 492),,4590.00
LG Single Door Refrigerator 190 Ltr - GLD.ARRQ,,34289
SAMSUNG 192Ltr Single Door Refrigerator RR20A,,30490.00
Usb Cordless Portable High Power For Quick Cleaning Mini Auto Vacuum Cleaners,,1599.00
"Whirlpool Single Door Refrigerator 185Ltrs,  Cls Plus Wine Adora",200.0,25650.00
Whirlpool 3 Doors  Refrigerator 240Ltrs  Protton Roy Alpha Steel,,55300.00
Whirlpool Neo 258LH Cls plus Athena Steel  245 L  Frost-Free Double Door Refrigerator,,44775.00
Amahi  Direct Cooling Single Door Mini Refrigerator (AMRSF-130J),,16400
"Sensei 40"" Smart LED TV - S503",,31690.00
Whirlpool   Convection Microwave Oven With Touch,,29350.00
Electron E-Sense Infrared Induction Cooktop Digital Display 2000W All Type Of Utensils Used EL-,,4500.00
Wega 24 Inch Full HD  LED Tv Double Glass Protection Hdmi Vga Av,,11990.00
"GEM 100 L Direct-Cool Single Door  Mini Bar Refrigerator (GRDN-, Dark Grey)",,17000
"Wega 40 Inch Full Hd (1920X1080P) Led Smart TV Android 9. Tv, Double Glass Protection",,30990.00
Walton Mini Refrigerator WFO-JET-0101-RXXX-XX,,14500.00
DELLA DL-BYB Dispenser Normal Hot & Cold With Compressor Cooling & Refrigerator Cabinet,,14499.00
Electron Water Dispenser Desk/ Table Top Water Dispenser (EL-) White,,3620.00
"Skyworth 50""  Uhd Tv",,74200.00
HISENSE  Single Door Mini Refrigerator (Silver),,17999.00
Stand Fan  Maroon – (ELFS 490),,4890.00
"Whirlpool 245L Frost-Free Double Door Refrigerator (Neo 258LH CLS PLUS , Midnight Athena )",,44775.00
WEGA  LED TV With Hi Sound,,13999.00
"Idea Js 32"" Double Glass Android Smart Full Hd Led Tv",,23790.00
Electron Gas Stove Hitachi Model,,4848.00
"Electron Seamless Electric Kettle 1.8L EL-1023,",,1599.00
"Sensei 32"" LED TV - S0505",,17590.00
Della  Hd Led Tv,,14990.00
"Philips  50Put8509/98 Smart  Ultra Hd 50"" Led Tv",,189900.00
Electron  One Cup Multi Utility Electric Jug Eleb-1034 ( ELEB-1034),,1890.00
Philips  24Pha4100/56  Led Tv -  (Black),,22900.00
SAMSUNG RT28A3022GS -  Frost Free Digital Inverter Double Door Refrigerator (Grey Silver),,45990.00
Sensei 24 Inch LED TV - S0403,,13590.00
Videocon 32Dn  Led Tv,,17999.00
CG Hot And Electronic Cooling Water Dispenser - CGWD38I,,12579
Baltra  Carnival Microwave Oven,,12750.00
Whirlpool Protton 330 Litres Frost Free Triple Door Refrigerator With  Sense ActiveFresh Technology (Onyx Steel),,76234
Godrej Microwave Oven 23 L - GME723CF,,18490.00
Samsung RR20N2441S8  Single Door Refrigerator - Silver,,30490.00
IFB 23BC5 Conv _ Convection Microwave  Oil Free Cooking | Auto Cook Menus |( Black),,23695.00
USB Rechargeable Electronic Jar Water Pump 14 Ratings Questions,,440.00
Electon Seamless Cordless Kettle,,1390.00
Whirlpool   Solo Microwave Oven,,10990.00
Oven Toaster and Grill -. (ELVO-19),,7290.00
Wega   Led Hd,,13990.00
Microwave Oven,,9850.00
Electron DRC 4052 2. Galaxy Rice Cooker,,2875.00
Whirlpool Magicook Pro 30SE  Solo Microwave,,14799.00
Rechargeable Electronic Jar Water Pump,,499.00
"HISENSE 32"" Normal HD LED TV (Black)",,22999.00
Videocon 24Dn5  Tv,,14999.00
Hisense   Double Door Refrigerator,,28990.00
Videocon 32  Videocon Hd Led Tv.(Vma),,17999.00
Godrej Microwave Oven 20 Ltrs. - GMX20SA,,12490.00
Electron  El-5115 Open Rice Cooker - 1.,,2150.00
Videocon 24Dn5  Tv,,14990.00
SAMSUNG RR20C20C2RH/IM  Direct Cool Single Door Refrigerator Scarlet Red,,26499.00
"Rechargeable Electronic Jar Water Pump For House, Office, Shop And Many More",,400.00
Electron Five Blade  Stand Fan El-452-NT (Multicolour),,2949.00
SAMSUNG 3 IN 1 28 Liter Convection MicrowaveOven - MC28H,,27990.00
Idea Js2421Dg  Glass Full Hd Led Tv,,16570.00
Amahi rs Direct Cooling Single Door Mini Refrigerator (AMRSF-130J-Silver)),,15899
Samsung Refrigerator Rt28a3022gs,,45980.00
Lifor LIF-MG20B -  Grill Microwave Oven (Black),,11499.00
Videocon 32Dn  Led Tv,,17999.00
Electron All Utensil Infrared Cooker Stove E-fit,,5375.00
Rechargeable Electronic Jar Water Pump With Warranty,,699.00
Automatic Water Dispenser Pump Automatic Water Dispenser With Rechargeable Battery Electron Water dispenser,,474
Della  Hd Led Smart Tv 3201-S,,23500.00
Idea  Js3921Ds  Smart Full Hd Led Tv,,30890.00
Skyworth Single Door Refrigerator SRS-,,18500.00
Videocon  Led Tv,,17000
RT28A3022GS - Samsung  Frost Free Double Door Refrigerator with Digital Inverter Compressor ( Silver Grey ),,43990.00
Baltra  Bmw-105 Carnival  Solo Microwave Oven - (White),,10900.00
"Wega 32 Inch Led Smart Android 9. Tv, High Sound With Front Glass Protection With Free Wall Mount",,18990.00
Electron Five Blade  Wall Fan With Remote El-549,,3249.00
Godrej Microwave Oven 34 Ltrs - GME734CR-Violet Lily,,29690.00
Haier  Single Door Refrigerator,,23500.00
"RR19M20A2RH/IM - Samsung 192 Ltr Direct Cool Single Door Refrigerator With 1 year full warranty and 5 years warranty on compressor ( Maroon red,  )",,25390.00
"Videocon 24"" Hd Led Tv",,14990.00
WHIRLPOOL 185 Liters Single Door Refrigerator 200 GENIUS CLS  WINE,,24990.00
Panasonic NN-GT342MFDG  Grill Microwave with Power Grill,,21068.00
Whirlpool  Magicook 20Bg  Grill Microwave Oven- Black,,13610.00
Chrome Hotplate Cooktop For Easy Cooking Experience,,4090.00
Baltra Microwave Carnival  | BMW105,,10490.00
Newly Arrivals Wega  Brand Framless Led Tv,,14500.00
Philips 43PFT5813/ Slim Full HD LED Smart TV,,67999.00
Electron Whistle Kettle 4.0 L With  Warrenty( ELEK-424 ),,2080.00
Whirlpool 20l Microwave Oven Model No.:-,,12950.00
WHIRLPOOL 185 Liters Single Door Refrigerator 200 GENIUS CLS  WINE,,23990
Desktop HOT and Chill Dispenser (EL-),,15290.00
Rechargable Electronic Jar Water Pump,,499.00
Godrej Refrigerator 190 Ltr - RD EDGE 205B  JY BLU,,28390.00
Samsung 192ltr Single Dooe Refrigerator - RR19A,210.0,26500.00
Whirlpool Icemagic 185 Litres Single Door Refrigerator ( Prm Sapphire  Linnea),,26899.00
OnePlus 80 cm (32 inches) Y Series HD Ready LED Smart Android TV 1 (Black),,49990.00
"Portable Single Burner Gas Stove For Camping, Picnics, Outdoor, Fishing, BBQ. Electronic Ignition, With 4pcs  Butane Cylinder (Black)",235.0,3049.00
WHIRLPOOL 25 Litres Grill Microwave Oven With 24 Auto Cook Menus(Magicook Pro  Black),25.0,17999.00
Electron Five Blade  Stand Fan With Remote El-454-LR,,3899.00
Samsung 192 Ltr Single Door Refrigerator RR19M20A/IM,,25390.00
Amahi  Direct Cooling Single Door Mini Refrigerator (AMRSF-130J),,16890.00
Electron  El- Hot & Normal Water Dispenser,,3390.00
"Philips  43Pfa4350/98 43 Full Hd  Led Tv- Black""",,62900.00
HISENSE  Bottom Mount Double Door Refrigerator (Black),,33999.00
"CHiQ 32"" L32K Bezel LED TV",,13999.00
Whirlpool   Convection Microwave Oven With Touch,,19990.00
BALTRA BRF 150DD Dazzle  Direct Cooling Double Door Refrigerator,,24999.00
"Samsung 21 L Convection Microwave Oven (CE-B/XTL, Black)",,28340.00
"Portable Single Burner Gas Stove For Camping, Picnics, Outdoor, Fishing, BBQ. Electronic Ignition, With 1pc  Butane Cylinder (Black)",235.0,2299.00
"Palsonic Australia  32"" Hd Led Tv - Black",,17990.00
"SETMAX 32"" TV Smart Frameless LED Television",,25490.00
KONKA Refrigerator 215 Ltrs Single Door (KRF/KRFF/B),,30000
SAMSUNG RR20C20C2GS/IM  Direct Cooling Single Door Refrigerator Silver Grey,,27499.00
LG Refrigerator 260 Ltrs - GLB.APZQ,,64089
"Electron Wall Fan 16""  High Speed",,2299.00
TCL 43 Inch 4K UHD Google TV - 635,,50690.00
"Hisense  Hx43M 43"" Full Hd Led Tv – (Black)",,46000.00
"WEGA 24"" Television | Double Glass HD LED TV (Black)",,11999.00
Amahi rs Direct Cooling Single Door Mini Refrigerator (AMRSF-130J-Silver,,16890.00
TCL 55 inch Curved Full HD Led Tv (55P),,86290.00
"Palsonic 55""  Ultra Hd Hdr Android Smart Led Tv",,73990.00
"Midea, (MYD-X) Hot and Electronic Cooling Water Dispenser",,12650.00
Samsung Single Door Refrigerator RR20A274ACR/IM,,30500.00
Whirlpool 185 Liter  CLS GREY NEP Single Door Refrigerator,,24450.00
"SAMSUNG MC32K7056CK  Convection MWO with Hot Blast™, Slim Fry™, Masala Tadka & Sun Dry™",,39999.00
KONKA Refrigerator 195 Ltrs Single Door (KRF/KRFF/B),,28800
Godrej Refrigerator 260 Ltr. - RT EON  AQ BL,,49990.00
Electron Digital Gas Geyser/Water Heater . El- 3048,,10000.00
"GEM 100 L Direct-Cool Single Door Refrigerator (GRDN-, Dark Grey)",,17750.00
LG Single Door Refrigerator 190 Ltr - GLD.AERQ,,34289
Samsung Refrigerator Double Door Refrigerator with Digital Inverter 275 L RT30K8/IM,,54490.00
Electron Five Blade 16 Inch Wall Fan With Remote El-,,3349.00
Idea  HD LED Tv Black,,12950.00
Hi-Tech Refrigerator 190L-(HS-/DBF),,27999.00
Samsung CE77JD-QB  Convection Microwave with SlimFry™ & Curd Making,,34990.00
Videocon 32Dn4  Led Tv,,28000.00
Hisense  Hx43M2160F  Hd Led Tv,,37990.00
KONKA 65 Inch 4K Ultra HD Web OS Smart LED TV (UDL65NR),,126000
Whirlpool Icemagic 185 Litres Single Door Refrigerator (  Prm Sapphire Linnea),,26899.00
Whirlpool Refrigerator,,29600.00
Baltra Tabletop Water Dispenser BWD,,3877.00
SAMSUNG CE76JD-B/XTL -  Convection Microwave With Curd Making (Black),,26999.00
Samsung RT37M5535SL/IM 345ltr 5in Double Door refrigerator,,70500.00
SAMSUNG MC28M6036CK / TL  Convection with Masala & Sun-Dry,,39590.00
190 L Single Door Refrigerator Shiny Steel GLD,,35861.00
Hisense 190 Ltrs Single Door Refrigerator With Water Dispenser [RD-23DR-Red,,27300
Electron  Drc Rice Cooker 1.,,2499.00
USB Rechargeable Electronic Jar Water Pump,,399.00
"Samsung 676 L Side by Side Refrigerator (RS74R, Silver)",,228000.00
LG 617 Ltrs. Side By Side Refrigerator - GSX,,371389
"CG 55"" 4K UHD Google Certified Android TV NEW - CG1.V2",,80090.00
Electron Five Blade  Stand Fan With Remote El-454-LR,,3499.00
"Electron 16"" 2in Fan/Table Fan (EL-427)",,3995.00
Samsung LED 32 Inch Television UA32N,,52990.00
Electron  Rice Cooker,,2449.00
IFB 30BRC2  Rotisserie Convection Microwave,,30399.00
Electron Five Blade  Stand Fan El-452-NT,,2999.00
Panasonic NN-CT69MYTE Convection & Grill Microwave,,30664.00
Electron ELFS 492 Stand Fan,,4590.00
Samsung 43 Inch Smart UHD 4K LED TV UA7600,,59950.00
Samsung  Ua32N4003  Hd  Led Television,,26990.00
"Hyundai 32"" FHD LED TV - 7",32.0,21228.00
Godrej Refrigerator 190 Ltr - RDEDGE205B  JY WN,,26890.00
Usb Rechargeable Electronic Jar Water Pump,,699.00
Samsung  RR20C2Z226U/IM  Single Door Refrigerator with Stylish Grande Design (Base Stand with Drawer),,32499.00
Samsung 253 Liters Double Door Refrigerator RT28A,3022.0,46000.00
Rechargeable Electronic Jar Water Pump,,899.00
KONKA Chest Freezer  (KCF 327),,49200
Electron Five Blade 16 Inch Stand Fan With Timer El-456-,,3249.00
Rechargeable Electronic Jar Water Pump,,699.00
"Aura 32"" Bezel Less LED TV",,20999.00
CG Single Door Refrigerator 185 Ltrs - CGS,1951.0,27689
Hisense RD-23DC4SA   Bottom Mount Double Door Refrigerator_Premium Black,,33590.00
HITECH Malaysia 24HD300  HD LED TV,,18799.00
"Samsung UA32N 32"" HD LED TV (BLACK)",,27490.00
Whirlpool Microwave Oven Magicook  Pro  Convection,,19614
Electron ELFS 438 Stand Fan,,3290.00
Portable Can Gas Stove,,2390.00
"Wega 24 Inch Full Hd  Double Glass Protection Led Tv, Hdmi, Vga, Av",,11990.00
"Wega 32"" Inch DLED TV, Front Glass Protection High Sound + Free Wall Mount",,15990.00
Samsung RR20T282ZU8/IM  Single Door Refrigerator- Blue,,34790.00
"Videocon 55"" Frameless  Uhd Android Smart Led Tv",,65999.00
Stand Fan Hi-Speed  – (ELFS 428),,4890.00
Samsung RR20T282ZR8/IM  Single Door Refrigerator- Red,,34790.00
"Whirlpool  Solo Microwave (MAGICOOK PRO SOLO 30, Black)",,14875.00
Webor BC-110  Single Door Refrigerator,,19625.00
Yasuda 32 inch Smart Andoid LED TV - 3,,30000.00
Videocon  Tv Hd Normal Slim,,15500.00
TCL Side By Side Refrigerator 550 Ltrs - P,,130190.00
"NEW  32"" Frameless Normal LED TV",,18490.00
Belaco Automatic Glass  Gas Stove,,8767.00
Samsung RT30K3342S8  Double Door Refrigerator with Digital Inverter Compressor,,54500.00
Electron Five Blade  Wall Fan El-549,,2599.00
Samsung Television UA65AU,,189990.00
"CG 65"" Google Certified 4K UHD Android TV - CG65G1 - Free 2.",,111390.00
Samsung UA24J4100 AR  LED TV HD Ready,,23900
Electron Five Blade 16 Inch Stand Fan With Timer El-456-,,3199.00
Samsung Single Door Refrigerator 230 Ltr RR24A/IM,,36064.00
Stand Fan  Black – (ELFS 492),,4890.00
"Philips  40Pfa4500/98 Hd  40"" Led Tv",,51900.00
Electron El-726  Electric Whistle Kettle,,2190.00
Whirlpool  Intellifresh Inverter Convertible Double Door Refrigerator,,76499.00
Electron Five Blade  Wall Fan El-549,,2549.00
"Samsung  Inverter Frost Free Side-By-Side Refrigerator, Silver",,205000.00
Samsung RT34T46324R 314L 5. Double Door Refrigerator with Curd Maestro,,69500.00
"Sensei 43"" Smart LED TV - S43ULED",,42790.00
Philips  HD Ultra Slim LED TV,,54999.00
Samsung Single Door Refrigerator 230 Ltr RR24A/IM,,36064.00
Samsung 253 Ltr Double Door Refrigerator (Rt28A/Im),3022.0,46000.00
Whirlpool   Frost Free Single Door  Refrigerator ( 72154),,31841.00
"Samsung 415 L 2 Star Frost Free Double Door Refrigerator(RT42M5538S8/TL, Elegant Inox, Convertible, )",,110750.00
Samsung 28L Ceramic Cavity Convection Microwave Oven MC28H,,28900.00
Electron  El-1007 Cordless Kettle 1.,,1290.00
Samsung 465 L-Large Size Refrigerator RT47K/TL,,123192.00
Rechargeable Electronic Jar Water Pump With Warranty,,1200.00
"Hitachi  Stylish Series 375L 2 Star Frost Free Inverter Double Door Refrigerator (R-VG, Black )",,102600
Rechargeable Electronic Jar Water Pump,,899.00
Rechargeable Electronic Jar Water Pump,,450.00
Samsung  LED Tv in Black,,32950.00
Panasoni 20 Litres Solo Microwave NN-ST,,12999.00
LG Refrigerator 308 Ltr - GLM,,69189
Portable Rechargeable Electronic Jar Water Pump,,399.00
Rechargeable Electronic Jar Water Pump,,699.00
Samsung  RR20C20C2RH/IM  Direct Cool Single Door Refrigerator Scarlet Red,,26490.00
"Auto Max Electric Kettle Easy Pour Lightweight  and Faster than Microwave No Mineral Build-up with Concealed Heating Element Brushed Stainless Steel, 1.8-Liter, Silver",,799.00
"Sensei 24"" LED TV - S404",,13590.00
Electron  El- Hot & Normal Water Dispenser,,3390.00
Electric Jug Stainless Kettle 2.,,699.00
Electron Whistle Electric Kettle  (Colour Assorted),,1899.00
Samsung  Convection Microwave Oven (Black),,28341.00
SAMSUNG RT28A3022GS -  Frost Free Digital Inverter Double Door Refrigerator (Grey Silver),,45990.00
Electron  El- Hot & Normal Water Dispenser,,3390.00
Electron  El-1007 Cordless Kettle 1.,,1290.00
Electron Water Dispenser Desk  (EL-) White,,3650.00
Electron Whistle Electric Kettle  (Colour Assorted),,1830.00
Samsung 192 L Single Door Refrigerator RR20A/IM,,29480.00
WHIRLPOOL Protton 330 Litres Frost Free Triple Door Refrigerator With 6th Sense Active Fresh Technology (FP  Protton Roy Alpha Steel),,78499.00
Rechargable Electronic Jar Water Pump,,499.00
Rechargable Electronic Jar Water Pump,,499.00
Electron  El-5110 Open Rice Cooker -,,2200.00
"Hyundai 43""UHD/ TV 43HYWGR7",,80800.00
Electron El-726  Electric Whistle Kettle,,2030.00
Idea  Glass Full HD LED Tv,,12570.00
Rechargable Electronic Jar Water Pump,,999.00
Rechargable Electronic Jar Water Pump,,944.00
Midea 32L OTG Oven - MC32A-LR,,13289
Samsung RR20C20C2GS/IM -  Direct Cooling Single Door Refrigerator with Digital invertor,,27490.00
Instantaneous Water Heater Flexible Faucet With Screen Chrome Plated Plastic,,2800.00
"Auto Max Electric Kettle Easy Pour Lightweight  and Faster than Microwave No Mineral Build-up with Concealed Heating Element Brushed Stainless Steel, 1.8-Liter, Silver",,990.00
Electron  El-5115 Open Rice Cooker - 1.,,2500.00
Electron Cordless Kettle (EL-1005) 1.,,1690.00
"Electron Electric Jug/ Kettle EL 1007, 1.8L, 1500W, 220V~/",,1290.00
Electron El-1007 Cordless Kettle 1.,,1250.00
Electron Electric Kettle  El 1020,,1130
Electron Electric Kettle 1.,,1600.00
Whirlpool Icemagic  Single Door Refrigerator,,29500.00
Electron El-724  Electric Whistle Kettle,,1975.00
Samsung RR24A272ZCR/IM  Single Door Refrigerator,,36064.00
Electron Standing Dispenser Hot & Normal (EL-),,7990.00
OLIVE  Single Door Refrigerator,,17499.00
Samsung RR20C2412S8/IM   Single Door Refrigerator with Digital invertor - Silver,,30490.00
Whirlpool Refrigerator 265 ltrs IF CNV  steel,,53720.00
IFB 30 L Convection Microwave  5,,28615.00
"Samsung 415 L  Frost Free Double Door Refrigerator(RT42M8/TL, Elegant Inox, Convertible)",,141990.00
WHIRLPOOL 20 Litres Solo Microwave With 20 Auto Cook Menus (Magicook Pro  Black),,10999.00
"Sensei 55"" Smart LED TV - S55ULED",,65390.00
Quench Nepal Infrared Stove One Year Warranty,,3999.00
Himstar 192 Ltr Refrigerator - Inbuilt Stabilizer - HS-HR-,215.0,28999.00
CG Refrigerator 60 L - CGS,,17390.00
Samsung 40 Inch Full HD Led TV UA40K,,35990.00
Haier 170-Liters Direct-Cool Refrigerator | HRD--E,,22200.00
LG Refrigerator 190 Ltrs - GLD.APZQ,,32890.00
IFB 23BC5 Conv -   Convection Microwave  Oil Free Cooking | Auto Cook Menus | Fermentation | Yoghurt,,23599.00
SAMSUNG RR20A274ACR -  Direct Cooling Single Door Refrigerator 2020 (Camellia Purple),,29499.00
"CG 32"" Turbo DLED TV - CG05",,21290.00
Webor  Single Door Refrigerator,,23090.00
"Samsung 32"" UA32T Smart HD LED TV",,32890.00
DHi Refrigerator   Single Door,,27099.00
"UA65AU7700 - SAMSUNG 65 Inch Crystal Ultra HD 4K Smart LED TV With Sleek design, Bixby, Narrow Bezel and Packed with Features(  )",,153890.00
Hi-Tech Refrigerator_HS/LBF,,25500.00
aisen   Direct Cool Single Door Refrigerator,,31000.00
IFB 30 L 30BRC Microwave Oven,,28800.00
Samsung Rr20M2741U2  Single Door Refrigerator - Blue,,28800.00
Philips  32PHT5567/ TV,,39999.00
"Wega 55 Inch 4K UHD Smart LED TV Double Glass - Android 11.0, 1.5GB Ram, 16GB Rom Model No 55W4K X Bluetooth remote n Voice Control",,60990.00
Webor WR215GLB  Single Door Refrigerator,,29400.00
WALTON Refrigerator - 193 Litres Single Door With Glass Finish WFA 1N XX,3.0,32499.00
New 2022  Sunrise  Led double glass,,13990.00
Samsung Refrigerator RR20T282ZR8/IM  Single Door,,41490.00
Gem Refrigerator -  - Direct Cool - Silver Hairline,,18000
Sansui 55U803V 55 Inches  Smart LED TV,,73000.00
"Videocon 32"" LED TV",,23999
SAMSUNG 192Ltr Single Door Refrigerator RR20M8,,32490.00
Gas Geyser Electron 6 Ltrs With  Warranty ELGY-3025,,9500.00
Sansui Mini Refrigerator Fridge Freeze 60 Ltrs SPM,,19970.00
Intex  Television LED-SHF3263,,25452.00
Samsung RR24A272ZCR/IM  Single Door Refrigerator,,35500.00
IFB 30BRC2  Rotisserie Convection Microwave (Black),,29000
Standing Dispenser Hot & Cold (EL-),,10900.00
Beko Refrigerator,,56390.00
"Whirlpool 245 L  Frost-Free Double Door Refrigerator (NEOFRESH 258LH CLS PLUS , Chromium Steel)",,43486.00
WHIRLPOOL Neo Fresh  Frost Free Double Door Refrigerator (Chromium Steel),,50099.00
Whirlpool Single Door Refrigerator  200 Impc Roy 2S Wine Chromium Steel  ( 71603),,31774
"RR21A2F2YDX/IM One Door Refrigerator with Digi-Touch Cool,",,39500.00
CG Meridia Refrigerator 195 Ltrs - CGMRS,,37989
Samsung 345 ltrs 5in1 convertible double door refrigerator (RT37M/IM),,70500.00
Whirlpool 185 Litres Direct Cooling Single Door Refrigerator ( Cls Plus Purple Linnea),200.0,27038.00
Hitachi 584L Ice and Water Dispenser Refrigerator R-M800GP GBK,,364650.00
Deerma Electric Kettle SH,,9499.00
Himstar Refrigerator Hs-Hr- (Single Door) Purple,215.0,32800.00
Whirlpool  215 Liters Single Door Refrigerator  230 Impro Prm  Purple Mulia Direct-Cool,,39110.00
"Hyundai 43"" 4K/UHD/HDR Smart LED TV - 43HYWGR4K",,54765.00
Whirlpool Double Door Refrigerator NEO 305 GD PRM Crystal  Mirror  (21350),,64439.00
Hitachi Double Door Refrigerators,,118320.00
Whirlpool Neo 258LH Cls plus Athena Steel  245 L  Frost-Free Double Door Refrigerator,,44775.00
Webor WR180GLB  Single Door Refrigerator,,26340.00
Whirlpool Double Door Refrigerator 360 Ltr IF INV CNV 375 STEEL ONYX ()-N 21290,,81285.00
HITACHI R-W690P7PB 586 Litres French Standard  Side By Side Refrigerator With Inverter & Duel Fan Cooling (Glass Black),,205999.00
Whirlpool 245 Litres Frost Free Double Door Refrigerator (NEO  PRM-Wine Chromium),,42084
SAMSUNG RR20C2722CR/IM  Single Door Digital Inverter Refrigerator,,31499.00
Gem Refrigerator -  - Direct Cool - Sharon Blue,,38000.00
Skyworth Double Door Refrigerator SRD- [NEW],,90900.00
Whirlpool - Neo 278 GD PRM   Crystal Mirror Fresh 265L Frost Free Double Door Refrigerator With  Sense DeepFreeze Technology,,57874
Samsung 43 Inch Smart UHD 4K LED TV UA7600,,59950.00
BEKO 275 Ltrs. Double Door Refrigerator - RDNE,,55690.00
Electron 1600W/ Wet & Dry Drum Vacuum Cleaner,,11700.00
"Samsung 676 L Side by Side Refrigerator (RS74R/TL, Silver)",,220991.00
SKYWORTH Blue Color Floral Double Door 275 Ltr Refrigerator Model No. SRD-,,66500.00
Samsung 43 Inch Smart UHD 4K LED TV UA7600,,59950.00
Hitachi Refrigerator R-VGX420PB/(New)Invertor//Double Door/Glass Series,,121200.00
Whirlpool 20 Ltr Solo MicrowaveOven (MAGICOOK PRO  BLACK),,10990.00
IFB 23BC5  Convection Microwave Oven - (Black),,23000.00
Godrej Mini Refrigerator 30 Ltrs - TEC QUBE 30L HS Q,,17490.00
TCL 65 inch Qled 4k Led Tv With Camera (728),,226790.00
Electric Geyser Aqua Light,,9990.00
Beko Refrigerator,,40090.00
Samsung RR20C2412S8/IM   Single Door Refrigerator with Digital invertor - Silver,,30499.00
Whirlpool 185 Litres Single Door Refrigerator ( Cls Pls Grey),200.0,23999.00
IFB 30BC5 Conv -  Convection Microwave  Oil Free Cooking | Auto Cook Menus | Fermentation | Yoghurt,,28699.00
Aura 20 Ltr Microwave Oven (AUMS),,11900.00
Whirlpool Single Door Refrigerator 185Ltrs  CLS Wine,200.0,24520.00
Samsung RR19T25CA6U Single Door Refrigerator,,31499.00
Whirlpool 185 Liters Single Door Refrigerator  Cls Grey,,23990.00
SAMSUNG RR20C20C2RH/IM  Direct Cool Single Door Refrigerator Scarlet Red,,25498
Whirlpool 185 Litres Direct Cool Single Door Refrigerator ( Prm Chromium Steel),,25699.00
Samsung RT28A3022GS/IM  Double Door Refrigerator with Digital Inverter Technology,,49000.00
SAMSUNG RR20C2722CU/IM  Single Door Digital Inverter Refrigerator,,31499.00
Samsung  RR20C2Z226U/IM  Single Door Refrigerator with Stylish Grande Design (Base Stand with Drawer),,32490.00
Skyworth Single Door Refrigerator SRS-,,14700.00
Panasonic 197l Refrigerator -NR-A,,30500.00
Gem Refrigerator -  - Direct Cool - Silver Hairline,,19000
Samsung BU8000 85 Inch  UHD Smart TV By East of Kathmandu,,431090.00
Whirlpool  Mw-20Bg  Grill Microwave Oven- Black,,16090.00
Samsung UA32M4100AR  LED HD-Ready TV,,26490.00
Standing Bhatti Chulo For Fast Cooking Experience,,10800.00
32 inch Hd Ready Led Tv (3000),,31090.00
"CHiQ 58"" U58H7  LED UHD Android Smart TV",,67999.00
Desktop Dispenser Hot & Normal (EL-),,3620.00
WHIRLPOOL 185 Liters Single Door Refrigerator -  Cls Grey Nep,,22590.00
Automatic Water Dispenser Pump Automatic Water Dispenser With Rechargeable Battery Electron Water dispenser,,600.00
Standing Dispenser Hot & Normal (EL-),,7990.00
IFB 30FRC2 -  Rotisserie Convection Microwave,,31199.00
IFB  17 Pm-mec1  Microwave  Solo Series,,10065.00
Sansui SPC170RF Single Door Refrigerator,,25000.00
Hitachi 586 Liters French Standard 4 Doors Side By side Refrigerator With Inverter & Duel Fan Cooling R-W690P (Glass Black),,183000.00
Electronic Jar Water Pump,,390.00
Yasuda 60 Ltrs Room Refrigerator  YSDH,,16390.00
Baltra Showy  Double Door Refrigerator,,28189.00
Haier HRD 1702SR-E  Single Door Refrigerator,,23999.00
SAMSUNG RT28C3221CU/IM  Frost Free Digital Inverter Double Door Refrigerator Camellia Blue,,50999.00
SAMSUNG RR20C2Z226R Single Door Refrigerator,,32500.00
Standing Dispenser Hot & Cold (EL-),,9950.00
SAMSUNG RR20C20C2RH/IM  Direct Cool Single Door Refrigerator Scarlet Red,,26499.00
SAMSUNG RT28A32216U  Frost Free Digital Inverter Double Door Refrigerator With Mystic Overlay Red,,50999.00
Sanford Sf1794Rf  Refrigerator,,22000.00
Samsung 253 L Double Door Refrigerator RT28A/IM,3022.0,55490.00
Whirlpool 185 Liter Single Door Refrigerator (200 Genius CLS PLUS  Wine),,23990.00
Sunshine White Panel Water Heater Gas Geyser 6. SGG21-602,,6990.00
RT28A3022GS - Samsung  Frost Free Double Door Refrigerator with Digital Inverter Compressor ( Silver Grey ),,43990
SAMSUNG 192 Liters Single Door Refrigerator (RR20C20C/IM),2.0,31990.00
"Haier 190 Litres, Direct Cool Refrigerator - HRD--E",,33900.00
Sensei Refrigerator 190 Ltrs - SRF03,200.0,25590.00
Hisense 295L Double Door  Bottom Mount Refrigerator RD-35DC  With Water Dispenser (Silver),,53990
Panasonic NN-SM255BYTE  Solo Mechanical Microwave,,13239.00
Whirlpool  200 IMPC CLS  Single Door Refrigerator-Grey,,24450.00
Panasonic 20L Grill Microwave NN-GT,,17075.00
Samsung Single Door Refrigerator RR19M20A2RH/IM,,25400.00
Godrej Refrigerator 240 Ltr. - RT EON  AQ WN,,46390.00
Della 100 ltr refrigerator (DL,110.0,16990.00
Samsung Rr19M20A2Rh  Single Door Refrigerator - Red,,29990.00
"Haier 190 Litres, Direct Cool Refrigerator HRD--E",,33990.00
SAMSUNG 192Ltr Single Door Refrigerator - RR20A,,30490.00
Samsung Double Door Refrigerator 253ltrs RT28A/IM,3022.0,46000.00
Samsung 32 inch  Normal LED TV ( UA32FH),,26490.00
Whirlpool 185 ltrs Refrigerator   CLS GREY,,25750.00
Hitachi  Grill  Microwave Oven (HMR-DG2012),,15975
RT28A3022GS - Samsung  Frost Free Double Door Refrigerator with Digital Inverter Compressor ( Silver Grey ),,43990
Hisense RS23DR4SR  Direct Cooling Single Door Refrigerator (Red),,24999.00
"Hisense , Refrigerator Bottom Mount Defrost, Double Door RD-29DC- Silver Silver",,44435.00
Electric Water Heating Geyser,,10990.00
Gem Refrigerator - - Direct Cool - Camelot Red,,23449.00
TCL 32 Inch LED TV - 3000,,22990.00
"SKYWORTH HD Television 32""( 32 inch LED TV ) 2000",,30500.00
SAMSUNG RR20M282ZS8 -  Digital Inverter Single Door Refrigerator - Mettalic Silver,,32490.00
"Samsung 85"" QLED 4K smart TV QA85Q",,632390.00
Panasonic NN-CT Convection & Grill MIcrowave,,28621.00
Whirlpool  Double Door Refrigerator By East of Kathmandu,,41500.00
Haier 220 Litre Direct Cool Refrigerator | HRD--F,2204.0,37999.00
Samsung 192 Ltr Single Door Refrigerator - RR19M20A/IM,,25400.00
CG Refrigerator 190 L - CGS,,30089
Panasonic NR-A201BTAN Single Door Refrigerator,,36000.00
Whirlpool Refrigerator 265 ltrs IF CNV  steel,,53720.00
SAMSUNG RR20A274ACR -  Direct Cooling Single Door Refrigerator 2020 (Camellia Purple),,30500.00
Panasonic NR-A201BTRN Single Door Refrigerator,,36000.00
CG Refrigerator 230 L - CGD2.SG,,45589
Hitachi  Mechanical Microwave  HMR-M2002,,13699.00
Videocon Vnn32Hh  Led Tv,,17999.00
Samsung 192 L Single Door Refrigerator RR19A/IM,210.0,26500.00
Godrej Refrigerator 260 L - RT EONVIBE 276C  SK WN/PR,,56790.00
"Wega 43"" X10 4K UHD LED Smart Android TV, 1GB Ram  Rom, Double Glass Protection",8.0,36790.00
Samsung MC28H5023AK/TL  Convection Microwave Oven,,33990.00
"Samsung 23L Grill Fry, Grill Microwave Oven | MG23A/TL",,25099.00
Gas Geyser Electron 6 Ltrs With  Warranty ELGY-3025,,8669.00
Sansui Refrigerator  Single Door Silver PCM,,21874.00
Samsung Single Door Refrigerator 230ltrs RR24A/IM,,37800.00
Webor Combi Hybrid  Microwave,,17160.00
COLORS 110 Litres Direct Cooling Single Door Mini Refrigerator (CL-DCR-Silver),,18000.00
Hyundai Single Door Refrigerator - HYRB-1,,40300.00
SENSEI 180 L Refrigerator - SRF03,,23790.00
Yasuda 60 Ltrs Room Refrigerator YSDH,,16390.00
Whirlpool 200 Ice Magic Prm 2S Grey Refrigerator  72337 (Artic Steel),,28200.00
"LG 65"" UHD 4K Smart LED TV - 65UQ",,155890.00
Whirlpool 185L Single Door Refrigerator(200 GENIUS CLS PLUS  WINE LINNEA),,28629.00
Samsung Double Door Refrigerator 253ltrs RT28A/IM,,51000.00
SAMSUNG MG23K3515AK  Grill Microwave Oven With Quick Defrost (Black),,20241.00
Webor Convection  Microwave,,18860.00
SAMSUNG RR20C20C2GS/IM -  Single Door Refrigerator - Silver,,27499.00
Panasonic NR-BG271VSS3  Inverter Frost-Free Double-Door Refrigerator,,54483.00
"Gem 50L Direct Cool Single Door Refrigerator (GRDN-, Dark Grey)",,15990.00
"Whirlpool 245 L Frost-Free Double Door Refrigerator (NEOFRESH 258LH CLS PLUS , Midnight Athena)",,44989.00
SAMSUNG RR19M20A2RH  Single Door Refrigerator - Red,,25400.00
Whirlpool  Microwave Oven 30Bc- Convection Model,,29360.00
Samsung RT28A32216U/IM   Frost Free Digital Inverter Double Door Refrigerator Mystic Overlay Blue,,50999.00
Godrej Refrigerator 240 Ltrs - RT EON  SL HI TH ST,,46190.00
Himstar Refrigerator Hs-Hr- (Single Door)black,215.0,32500.00
"Sensei 65"" Smart LED TV - S65ULED",,85990.00
Whirlpool 190 Liters 205 IMPC ROY 2S Arctic Steel  Single Door Refrigerator With Base Stand with Drawer,,30530.00
Godrej Refrigerator 260 Ltrs - RT EON  SL HI TH ST,,51190.00
Hitachi  R-VX420PB9/GBW  Double Door Inverter Dual Fan Cooling Refrigerator,,87800
Samsung 192Ltr Single Door Refrigerator - RR20N8,,29500.00
Super General 700L Side By Side Refrigerator SGR-SS,,139995.00
Samsung 192ltr Single Door Refrigerator - RR19M20A,,25400.00
Gem Refrigerator - - Direct Cool - Camelot Blue,,24999.00
Whirlpool  200 Genius CLS Wine Color  Single Door Refrigerator,,23562.00
Baltra Wow Table Top Water Dispenser,,4125.00
"Webor 43""  UHD Cinematic Smart Television",,52265.00
Whirlpool 200 Liters Direct Cool Single Door Refrigerator 215 IMPRO Prm  Cool Illusia,,34945.00
Samsung Double Door Refrigerator 345ltrs  Inverter  Frost Free   Elegant Inox  Convertible  RT37M/IM,,70500.00
SAMSUNG 23 Litres Solo MicrowaveOven - MS23A,,16990.00
Samsung RT28C3221CU/IM  Frost Free Digital Inverter Double Door Refrigerator Camellia Blue,,50990.00
Yasuda Refrigerator Single Door Fridge YGDC,,29290.00
Samsung 345 L  Refrigerator  RT37M,,67900.00
"Samsung 23L Grill Fry, Grill MicrowaveOven | MG23A/TL",,25190.00
SAMSUNG RT28A3022GS -  Frost Free Double Door Refrigerator (Dit) - Silver,,45400.00
Super General Microwave Oven  SGM M921,,11970.00
"Webor 75""  UHD Cinematic Smart Television",,179095.00
Hisense RC56WS4SA -  Side By Side Refrigerator Stainless Steel Silver,,99990.00
CG Refrigerator 231 Ltr - CGD,,49089
Whirlpool  Single Door Refrigerator (71851),,39295.00
Whirlpool  185 Liters  Icemagic Single Door Refrigerator (  Prm Sapphire Linnea),,29450.00
CG Refrigerator 530 Ltrs -  CGMMD5,,130289
Samsung Double door Refrigerator RT28A32216U  Frost Free Digital Inverter,,51000.00
Samsung RT34T 46324R 314 Liters Digital Invertor 5. Double Door Refrigerator With Curd Maestro ( Rythmic Twirl Red),,69499.00
Baltra  Delight Bwd- Dispenser- White,,13415.00
Sansui Refrigerator  Single Door Silver PCM,,22550.00
"Webor 58""  UHD Royal Smart Television",,72665.00
SAMSUNG 192 Liters Single Door Refrigerator (RR20C20C/IM),,26500.00
MIDEA 28 Ltrs. Microwave Oven - EC9P03XX-S00,,24289
"Hisense RC-67WS4SA, Inverter Compressor  Side by Side Refrigerator",,131000.00
Whirlpool 30l Microwave Oven Model No.:-,,33550.00
Whirlpool 185 Liters Single Door Refrigerator  Cls Grey,,25990.00
GEM GRD-70HSWP  mini  Bar  () Direct Cool Single Door Refrigerator_ Hairline Silver,,15700
SKYWORTH SRM 500CGG   Multi Door Refrigerator With Invertor Compressor,,129999.00
Sansui Mini Refrigerator Fridge Freeze 60 Ltrs SPM,,17929.00
Videocon 32Dn7  Led Tv,,17999.00
"Webor 50""  UHD Cinematic Smart Television",,65695.00
Hitachi 451 Liters French Bottom Freezer 3 Door Inverter Dual Fan Cooling RWB500P Refrigerator,,168030.00
CG Meridia 192 Ltr Single Door Refrigerator - CGMRS,,31489
Whirlpool Refrigerator 245 ltrs NEO  CLS Plus Wine Chromium 21200,,42088.00
SAMSUNG 192Ltr Single Door Refrigerator RR20M8,,32490.00
"Samsung  Inverter Frost Free Side-By-Side Refrigerator, Silver",,188000.00
Aisen ARD10525GHG  Direct Cool Refrigerator,,21000.00
Samsung 253 L Double Door Refrigerator RT28A/IM,3022.0,46000.00
SKYWORTH Mirror Glass Multi Door  Refrigerator,,158259.00
Whirlpool Icemagic Pro 200 Liters Single Door Refrigerator (215 IMPRO Prm  Cool Illusia),,35099.00
"SKYWORTH 65SUE9500 QLED /UHD Google Smart TV-65""",,225000.00
"SAMSUNG UA32T 32"" SMART LED TV",,55990.00
Panasonic NR-BG272VPA3  Inverter Frost-Free Double-Door Refrigerator,,56239.00
CG Refrigerator 550 Ltrs - CGMSBS5,,135589
Samsung Double Door Refrigerator 523ltrs Top Mount Freezer with Twin Cooling Plus™ RT54K/TL,,189990.00
Philips 65PFT6909/97  Smart LED Slim TV,,251900.00
Haier 628 Ltrs Convertible Side by Side Refrigerator  HRT-,,175300.00
Panasonic 336Ltr Double Door Nr-Bg Refrigerator - Deep Ocean Sparkle,,71980.00
BOSCH Refrigerator 2 Door 358 L Sparkly Steel CTC35S,,128265.00
Lifor 100Ltrs Plain Silver Grey Refrigerator LIF-RS,100.0,25000.00
