Title,Unit
Big Choice Big Musuro Daal,1kg
Century Hara Matar Jar,100 gm
Hamro Koseli Bhuteko Badam,500Gm
Big Choice Red Chana Whole -,1Kg
Parle Monaco Classic Regular,150g
Kimbap Kim Sheet (Nori Sheet) (Shusi Sheet) (),10 sheet
"Big Choice Regular Maas Non Polish Daal,",1kg
Big Choice Moong Kosta Daal,1Kg
Haldirams Bhujia-,360G
Berlino Pasta Penne,900G
Berlino Mushroom Soup,45 gm
,"Makkusé Regular Pustakari Box , Sweets"
Parle Top Delicious Buttery Crackers,200gm
Crown Dates  Fard -,500gm
Big Choice Premium Jeera Masino Rice,25kg
Britannia Digestive Biscuit Box,500G
Big Choice Small Musuro Daal,1kg
Unibic Oatmeal Digestive Cookies,150 gm
Hamro roKoseli Jumla Rato Marsi Chamal,1000Gm
Big Choice Moong Dal -,1Kg
LAO GAN MA Tao Huabi Chilli Sauce With Chicken  [ Chinese Chicken Achar Chilli Oil ],280gm
Bhansaghar Premium Long Grain Rice - Limited Special Rice Offer,20 kg
,"Slurrp Farm Healthy Snacks for Kids | Mighty Puff Cheese & Herbs| Not Fried, No Maida"
Ghar Ko Achar Radish Pickle,350gms
Lays Magic Masala Chips -,78g
Haldiram'S Moong Daal-,360 Gm
Berlino Macaroni Elbows,900Gm
Ghar Ko Achar Buff Sukuti Achar -,500gm
Lotte Choco Pie  (Indian) 150g,6Packs
Kaju  Pista  Badam  Kismis,200 Gm
Parle G Original Biscuit  (Pack of 30),21 gm
"Sushi Nori (Kagawa) , 25g",10 Sheets
"Big Choice Rahar Non Polish Premium Daal,",1Kg
Poshilo's Protein+ satu  (Local Sattu),2kg
Parle Hide & Seek Bourbon Biscuit,75 Gm
Lays American Style Cream & Onion,42Gm
Big Choice Bodi -,1Kg
Aama Ko Achar Red Chilli & Timur Garlic Pickle,200 gm
Lays  American Style Cream & Onion,78Gm
Pintola All Natural Peanut Butter  Crunchy,1Kg
Hamro Koseli Bhuteko Badam,500Gm
True Elements Berries Mix  - Mix of Cranberries & Blueberries  Healthy Snack  Berry Mix  Dried Berries,30g
Mcvities Digestive -,1Kg
Priyagold Cheese Crackers,140 gm
Misti Dalmoth  (Nepali Flavour Dalmoth Mixture),500gm
Ghar Ko Achar - Buff Sukuti Achar,300gm
Bikano Bikaneri Bhujia,400 Gm
True Elements Rolled Oats Certified Gluten Free  - Breakfast Cereal,500g
Lays Spanish Tomato Tango Chips -,42g
Haldiram'S Plain Bhujia-,360G
Haldirams Samosa Namkeen,200 gm
Parle Hide & Seek Choco Rolls,125 Gm
Sweet Candied Karonda Cherry -,100 gram
Dried Fig (Anjeer)-,200Gm
Britannia Little Hearts,75G
Big Choice Mixed Daal,1Kg
Pringles Potato Chips Sour Cream & Onion,147Gm
Pran Potato Spicy Flavoured Biscuit,50 gm
Haldiram's Moong Dal Dalmoth,1Kg
Britannia Digestive Sugar Free Box,200G
Parle Kreams Gold Elaichi,75 gm
Walnut (Whole),500gm
Yarsha King Nepals Sexual Enhancer Capsules For Men (),30 Capsules
Hotpot Gourment Spicey Chicken Noodles,100g
Haldiram'S Aloo Bhujia -,400G
Oreo Choco Creme,50Gm
Dried Fig (Anjeer)-,100Gm
Fresh Dates / Khajur -,500Gm
Dabur Chyawanprash -,1Kg
Britannia Good Day Pista Badam Cookies,200 gm
Haldirams Plain Bhujia Namkeen,360 gm
Haldiram'S Aloo Bhujia,200 gm
Munchy'S Vege Cracker  Packs -390G,3 Convenient
Natraj Dalmoth,500 gm
True Elements  1 Super Seeds Mix 125g - for Weight Loss | for Eating | Roasted,7 in
Bikaji Bikaneri Bhujia,400gm
Big Choice White Peas -,1Kg
Gluten Free Quinoa  - Breakfast Food Quinoa Seeds Diet Food for Weight Loss,1Kg
Patanjali Jau Barley Daliya,500 gm
Raj Roasted Chana (Bhuteko Chana),300gm
Agnesi Whole Wheat Penne Pasta # gms,3 500
Tiger White Pasta Box,200G
Bikaji Bhujia -,360G
Haldiram'S Bhujia -,1Kg
Britannia Susi Rusks,235 Gm
Britannia Good Day Rich Butter Cookies  (Pack of 2),250GM
Combo -Kaju  Pista  Badam  Kismis 200 gm Okhar Gudi  Packet,200 Gm
JOLOCHIP Hottest Chip Madness - Last CHIP Challenge Chips (),5 g
Raj Moong Dal,300gm
Britannia/Marie Gold Biscuits/ (Pack of 12),50g
Arksh Food Dami Crispy Puff (Nimki Flavor) -,150 gm
Haldiram'S Moong Daal,180 Gm
Guitole Achar Udhyog Akabare Pickle,400gm
Agnesi Penne Pasta # gms,19 500
Coconut Crunchy  (Pack of 10),75 gm
Unibic Choco Chip Cookies,75 gm
Haldiram'S All In  One,180gm
Khajurico Puff ( Pack),12pcs
Pringles Potato Chips Original,147Gm
Haldiram's Punjabi Masala Papad,180 g
Parle G Original Biscuit,100 gm
Dabur Chyawanprash,500 Gm
Almonds,500 gm
Mango Masala Achar-,350gm
Parle G Biscuits,100 gm
Quinoa,300 g
Britannia Marie Gold Biscuits,300 Gm
Britannia Good Day Rich Cashew Cookies,200 Gm
Goodlife Top Biscuit  Pcs,50Gx6
Candy  Lapsi Paun  Titaura  1 Combo Pack 400 Gm,4 In
Haldirams Punjabi Tadka Namkeen,200 gm
Bikaji Soanpapdi Man Bhavan,200g
Nirmit Mixture Dalmoth,800 gm
Poshilo's Nutri+ Satu  (Local Sattu),800g
Chicken Achar,300gm
Ramro Royale Fruit Cake-,20 Gm
Kurkure Masala Munch -,80g
Twakka Chilli Oil With Crisps (),175 grams
Druk Tomato Puree,450G
Nebico Sugar Free Cracker,30 Gm
"Haldirams Delista Macaroni  (Pastas, Salads or Soups)",450 gm
Panipuri Chips ( Panipuri Papad / Free Panipuri Masala Inside ) -,200 gm
Poshilo's Protein+  Satu  (Local Sattu),800 gm
Mcvities Digestive Dark Chocolate,200 gm
Raj Furandana,500 gm
Kaju Madhuram Fresh Cashew Nuts -,1Kg
Kurkure Chilly Chatka -,80g
Lays Chilli Lemon Flavour -  - Pack of 5,50gm
"Chia Seeds - , Pumpkin Seeds - , Sunflower Seeds - , Flaxseed -",100 gm
Dabur Chyawanprash -,1Kg
Haldirams Soya Sticks Namkeen,150 gm
"True Elements Instant Oats  - High Protein, Whole Oats, Cereal for Breakfast, Plain Oats for Weight Loss",900gm
Swaadilo Ma La Chilli Oil -,175 gm
Parle Hide & Seek Fab Orange Biscuits,112 Gm
Bikano Moong Dal Plain-,400 Gm
Cadburry Oreo Biscuits Pack Of  - 46.3Gm,12
Harlal'S Unique Almond -,100G
Pista (Pistachio) -,100 Gm
Fortune Soya Chunks  (25gm Free),200 gm
Shrimann Moong Chaata Dal,1 kg
Makhana ( Makhana Phool / Fox Nuts / Lotus Seeds) -,100 gm
Dabur Chyawanprakash Sugar Free,500 gm
Guitole Achar Udhyog Radish Pickle,400gm
Raj Anytime Mixture  (Crunchy Non-Spicy Mixture),300 gm
Super Grow Cashew,100G
Parle Hide & Seek Chocolate Chip Cookies,121 Gm
Raisin,500gm
Haldiram'S Navaratna,360 gm
Kim Bhap Kim Sheet (Nori Sheet) (Sushi Sheet)- .,100 pcs
Dry Fruit:- Cashew Nuts,200g
Parle Monaco Classic Salty Biscuit,150 gm
Almond California  Dry Fruit -,500 Gm
Bikano Peanut Salted,200 Gm
Bikaji Bikaneri Kuch-Kuch Bhujia -,400gm
Bikaji Bhujia,180 Gm
Britannia/Good Day/Butter Coockies/ (Pack of 12),25g
Raj Chana Dal,300 gm
Big Choice Local Chana,1Kg
Haldiram's All in One Namkeen Bhujia,360gm
Hamro Koseli Mix Khaja,800Gm
Gullon Diet Nature Maria Sugar Free Box,400 G
Britannia Marie Gold Biscuits,250G
Picnic Peanuts,600G
Pintola All Natural Peanut Butter   Crunchy,1 Kg
Chicken Achar,500gm
Khattu Titaura Special Bayar Candy,500 Gm
Dry Fruit:- Chinese Walnut/Chinese Okhar -,1kg
Britannia Digestive   Biscuits Pack of 2,250 gm
Haldiram's Sada Papad,180 gm
Haldirams Plain Bhujia Namkeen,1 kg
Dabur Chyawanprash,250 gm
Kinder Joy With Suprise,20G
Fox Nuts (Makhana)-,250Gm
Aama Ko Achar Dalle Pickle in Oil -,380g
,Natufoodies Baby Melt Cracker - Banana & Oat
Aama Ko Achar Dalla & Garlic Paste Pickle,380 gm
Shrimann Green Kerau -,1Kg
Mcvities Dark Cookie Cream,50 gm
Goodlife Digestive Wheat Biscuits  (Pack of 12),60 gm
Haldirams Bhujia Masala Namkeen,180 gm
Lotte Rich Cocoa Choco Pie  300 g,12Packs
California Badam Almonds Desi Badam,500 gm
Lapsi Paun  Titaura Special Timur Flavour  -,500 Gm
Mcvities Digestive Biiscuit Celebritypack Bipasha,500G
Hulas Basmati Premium,5Kg
Gullon Sugar Free Shortbread Cookies Box,330G
Thakali Long Grain Rice,20Kg
Chana  Best Quality,1kg
Shoon Fatt Cream Crackers Sugar Free -,280g
Sunflower Seeds Kernels -,100Gm
Chia Seeds ( Chia Seed / Healthy Supper Food With Omega & Fiber ) -,200 gm
Pumpkin Seeds ( Healthy Superfood / Nutrition Power House ) -,200 gm
Fried Chik Peas - Bhuteko Chana,1kg
Pintola Classic Peanut Butter Crunchy   Pintola Peanut Butter,1 kg
Almond Nuts (Badam)-,200Gm
Ghar Ko Achar Lapsi Achar,350gms
Bikaji Udad Papad,200 Gm
Parle Hide & Seek Black Bourbon (Vanilla)  (Pack Of 3),100g
Parle Murano Choco Delight,75 Gm
"(Buy  1 Free) Gerber Organic Grain & Grow, Soft Baked Grain Bars, Banana Mango Pineapple, 12+ Month- 156 Grams",1 Get
Haldiram's Namkeen Aloo Bhujia,200 g
Beyond Snack Kerala Banana Chips Original Flavour,25gm
Shrimann Kwati Roll -,1Kg
Bikano Moong Dal Plain,200 Gm
"Home-made, Ready to eat -  Sutkeri Masala () by Arihant Foods",500gm
Britannia Good day Butter,1 KG
Local Kalo Dal,1Kg
Lemon Sticks 80g,2 pm
Current Cheese Balls,60 g
Dried Green Raisin (Hareyo Dakh)-,500Gm
Date Crown Khajur,500grm
Champak Jumbo Pack (Lapsi Paun)  mix pack,1 kg
Harlal'S Unique Almond-,200G
Barilla Maccheroni N.,44
Super Grow Almond,200G
"Giantman Instant Oats-  With High Protein, Fibre, Whole Oats For Breakfast & Gluten Free With No Added Sugar Diet Food For Weight Loss",1Kg
Ferments  Sauerkraut,330g
Pringles Potato Chips Hot & Spicy,147Gm
Super Grow Pista,100G
Rijal Badam Bhujia Mixture,350 gms
Bikaji All-In-One Kuch-Kuch,400g
Sara Foods Quinoa Processed  -,400gm
Haldiram'S Khatta Meetha,180 gm
Poshilo's Protein+ Satu  (Local Sattu),400gm
Munchy'S Munchini Wafer Twigs -,100Gm
Lasun Achar (Garlic),300gm
"Sujal/Chocofun/Chocolaty fun, Crispy Wafer/ (Pack of 18)",11g
Shrimann Bodi Whole,500Gm
Cashew Nuts,500gm
,Natufoodies Blueberry Rice Puff
Unibis Multigrain Cookies,150gm
"Sushi Nori (Kagawa) , 50g",20 Sheets
Myfitness Peanut Butter Chocolate Smooth 1.,25 kg
Mighty Puff: Choco Ragi -,20 GMS
Britannia Nutri Choice Sugarfree Cracker,300G
Walnut Kernels (Gudi),100g
Raj Salted Peanuts,300 gm
Arksh Food Dami Crispy Puff -,150 gm
Patanjali Doodh Biscuits,20 pcs
Himalayan Food Products Himalayan Buff Sukuti Com Chum With Garlic,33gm
Kent Chicken Stock Soup,20G
Sabu Sacha Sabu Sabudana Agmark Tapioca Sago,200 g
Unibis Chocolate Chip Cookies,150 gm
Cashew Nuts (Kaju)-,100Gm
Big Choice Moong Whole -,1Kg
Organic Millet Flour (Kodo ko Pitho ),1 kg
Almond Nuts (Badam)-,100Gm
Bahar Spaghetti  | 100% Wheat Semolina | Product of Turkey,500g
Almond Nuts (Badam)-,100Gm
Ramro Fibr Extra  Cookies,315 GM
Unibis Chocokiss Cookies,120 gm
Ghar Ko Achar Methi Achar,350gm
Britannia  Grain Biscuits 300 gm,5 Nutri
Khajurico Puffino Seasame Bar ( of 25 gm),12 Packs
Raisins Dry Kismis (Lowers the risk of heart disease)-,500g
Unibic Choconut Cookies,75Gm
Bikaji Sab Kuch -,360G
"Urban Food Canned Chicken Sausage,",430g
Sweet & Sour Mango Achar-,350gm
Haldirams Bhujia Masala Namkeen,1 kg
Berlino Chicken Soup,45 gm
Apricot (Khurpani),100g
Sushi Rice -,1 Kg
Pran Potato Spicy Flavoured Biscuit,75Gm
Mcvities UK Hobnobs (),300 gm
Fried Chik Pea   Chana,1 Kg
Cashew Nuts ( Kaju ),1kg
Didian Soda Crackers (Sugar Free) -  (25 Gm X 18 Sachets),450 Gm
Lemon (Kagati),500gm
Haldirams Chana Dal Namkeen,200 gm
Harlal-s Unique Pisatachios,100 gm
Dry Fig (Anjeer),500g
Moong Chata Daal,1kg
Aama Ko Achar Dry Fish & Red Chilli & Timer Chhop,200G
Shrimann Red Chana,1 Kg
Gyan Chiura  Pkt,800 Gm
MAZZA Specialita Alimentari Fusilli,500G
Korean Style Vegetarian and vegan kimchi/Best home made kimchi/Spicy Authentic Korean style kimchi made at home /Korean Pickle,200GMS
Poshilo's Nutri+ Satu  (Local Sattu),2kg
Local Kidney Bean (Rajma),1Kg
Dry Apricots ( Khurpani) -,100Gm
Elbow Pasta,500gm
Bikaji Khatta Meetha (Tana Bana),360 Gm
Dabur Chyawanprash Avaleha,500 gm
Current Cheese Balls E.F,60 g
Shree Eliza Sweet Sour Laupsy Candy,100Gm
Cashew Nuts (Kaju)-,100Gm
Jumla Simi Dal,1 Kg
Bikaji Soanpapdi,200g
Haldirams Sada Papad,170 gm
Cashew Plain Kaju -,500gm
Wakame (Seaweed) -,50 gm
"Raj Sundried Potato Chips  Pack (Sundried, Fried and Spiced)",150gm
Roasted ChickPea (Bhuteko Chana),1kg
Bikaji Chote Chote Mini Papad,100 Gm
Guitole Achar Udhyog Buff Pickle,400GM
Walnut Kernels (Guddhi),500gm
Walnut -  ( Grade A- Okhar),1 kg
Special Spicy Candy  Lapsi Paun Piro  Titaura  Spicy Flavour  -,500 Gm
Haldirams Navrattan Namkeen,360 gm
Silang Oq Oat Multigrain No Added Sugar,320G
Lays Sizzling Hot -  - Pack Of 5,48gm
Parle/Parle-G Gluco Biscuits/,150g
Didian Pure Milk Biscuits -  (20 Gm X 24 Sachets),480 Gm
Madhuram Fresh Arabian Dates |  | Premium Quality,500g
Bikaji Bikaneri Bhujia -,1kg
Basukis Pustakari,500 Gm
Laxmi Cashew Nut Plain,200G
Madhuram Fresh Pistachios/pista | Dry Fruits Nuts |,200gm
Priyagold Marie Lite Biscuits,160 gm
Madhuram Fresh Pistachios/pista | Dry Fruits Nuts |,500gm
Plain Cashew (Kaju) -,200 Gm
"Urban Food Canned Buff Sausage,",430gm
Dry Red Raisin (Rato Dakh)-,500Gm
Kwality Biscuits/Butter Cracker Gold/+20g free (Pack of 6),25gm
Crunchy Pustakari  Pkt,500Gm
,Cadbury chocobakes
Black Raisin  / Kalo Dakh / Black Kismish - 250gm,250 Gm
Kaju Madhuram Fresh Cashew,250gm
Chino Or Proso Millet Wonder Grains Of Nepal Gluten Free,200gm
Patanjali Wheat Daliya,500 gm
Munchy Oat Krunch Strawberry,208gm
Maas Daal - Geda,1 Kg
Multi Flavour of Lays ( Pack Of  ),5 Falvour
Ghar Ko Achar: Mushroom Achar,250gm
Didian Soda Milk Salt Crackers Sugarfree,450 gm
Poshilo Nutty Delight Satu  (Local Sattu),2 kg
Anjir Madhuram Fresh Dry Figs,1kg
Parle Hide & Seek Fab Strawberry Biscuits,112 Gm
Paura Buff Sukuti Achar,500 Gm
Sitara Rusk,100 GM
Gluten Free Quinoa  - Breakfast Food Quinoa Seeds Diet Food for Weight Loss,500gm
Bikaji Tana Tan Aloo Bhujia,200 Gm
Gerber Organic Grain & Grow Puffs Cranberry Orange - 1. (42 g),48 oz
Unibic Choco Chips Cookies,500G
Britannia Digestive,500g
Dry Raisins (Green Kismis),100g
Bikaji Papad -,360G
Mcvities Digestive Original,250G
Haldirams Plain Bhujia Namkeen,180 gm
Candied Karonda Cherries -,200gram
Bisk Farm/Top Herbs Biscuits/The Taste of the Finest Herbs/,200g
Nebico/Coconut Crunches Biscuits/ /6 packets,50 g
Resins(Kismis) -,500 Gm
Rijal Kabulichana,200 gms
Suchika Local Dalmoth,500G
Peanuts,1kg
Super Candy  Lapsi Paun  Titaura -   @ 2 Flavour / Total 1kg,500Gm
Parle Rusk Real Elaichi Bread Toast Biscuits,200gm
Haldiram's Moong Dal Salty Fried Split Mung Bean Snack,360gm
Newari Shahi Pulao Basmati Rice,20 Kg
Kabuli Chana White Chick Peas [ Chole Bhature Chana ],1 Kg
Mixed Sattu -,500 Gm
Green Peas Hariyo Kerau - Peas Best Premium Quality,1 Kg
Haldiram's Khatta Meetha -,360g
Pasta-Makroni-,500g
Bikano Allo Bhujia,200 Gm
Haldiram'S Plain Bhujia,180 gm
Green Peas,1kg
Kwality Biscuits/Tasty Tasty/+20gm free (Pack of 12),25gm
Ghar Ko Achar: Mixed Achar,350gm
Dhiki Jato Brown Rice,5kg
Dry Black Raisin With seed  kismis,500 Gm
Mcvities Marie Biscuits,25 Gm
Meidan Sugar Free Black Rice Soda Cracker,45 Gm
Kaju Kismiss Almond Walnut Pista  Each,200Gm
Raw Peanuts,200 Grams
Cashew Nuts (Kaju)-,200Gm
Haldirams Soan Papdi  (Made with Desi Ghee),250 gm
Dry Black Raisin (Kalo Dakh)-,500Gm
Britannia Tiger Kreemz Orange Biscuits - Pack Of  - 33.4gm,12
Dhiki Jato Bhuteko Makai,1kg
Big Choice White Soya -,1Kg
Shrimann Kwati,1 Kg
Seaweed 3.,5G
Parle/Parle-G Gluco Biscuits/ (Pack of 30),25g
Oreo Vanilla Cream,50Gm
Flax Seed Good Quality- ( Aalash),1Kg
Century Mix Pickle,200 gm
Nong Shim Shrimp Hot & Spicy,75 gm
Ghar Ko Achar Timmur Chhop with Garlic,160gm
Pack of  Puff,16 Khajurico
Shrimann Kwati Roll,500 Gm
Tafeli Soda Crackers (No Added Sugar) -,100gm
Shrimann Moong Khosta Dal,1 Kg
Sagarmatha Mixed Pickle,200g
Miaow Miaow Prawan Crackers,50Gm
Makhana Foxnuts Lotus seeds,250g
Almond Nuts (Badam)-,1kg
Big Choice Mixed Daal,1Kg
Almonds(Badam) -,500 Gm
Raj Special Dalmoth Mixture,300 gm
Guitole Achar Udhyog Meat Fry/ Num Cham,40 Gm
Kent Boringer Vegetable Soup,68 gm
Madhuram Combo Kaju  Pista  Badam  Kismiss  Okhar,250Gm
,"Slurrp Farm Healthy Snacks for Kids | Mighty Puff Tangy Tomato| Not Fried, No Maida"
JUAS Hemp Seeds (Organic) -,250g
Shrimann Local Maas Dal,1 Kg
Homemade Deep Tama Achar Bamboo Shoot Pickle,200g
Newari Shahi Pulao Basmati Rice,5 Kg
,Big Choice Malka Musuro  Whole/Kg
Gullon Sugar Free Digestive -,400g
Dhiki Jato Local Rato Bodi,1kg
Dried Shitake Mushroom -,100 g
Current Hot N Spicy Sticks,80 g
Khajurico Puff Box,16 packs
Didian Digestive Biscuits (Sugar Free) -  (20gm x 20 sachets),400gm
Oat Krunch Cracker Dark Chocolate,208 Gm
Rajma Nepali Local ( Kidney Beans),1Kg
Cashews Nuts (kaju),500gm
Didian Danish Style Cookies -  (20 Gm X 24 Sachets),480 Gm
Ilameli Chhurpi,100Gm
Unibic Fruit & Nut Cookies,150gm
Pumpkin Seeds ( Pharshi Ko Biyah ),100Gm
Poshilo Multigrain Satu  (Local Sattu),800 gm
Brown Rice Pokhreli-,5kg
Desna Piro Timur Chhop -,200 GMS
Jau Ko Daliya/ Barley Grits,1kg
Priyagold Cheese Bite Jar (Cheez Bit) Biscuits,150 gm
"Peanuts, Walnut And Sesame Chikki",250 Gm
Mummas Fermented Khalpi Achar (),300g
Raisins ( Kismis Black Raisins ) -,200 gm
Broken Walnut / Cracked Okhar Kernel / Walnuts Kernels / Okhar Gudi  -,500 Gm
Gudpak,500g
Almond Nuts Madhuram Premium Quality,1 kg
"Big Choice Regular Rahar Non Polish Daal,",1Kg
,JOLOCHIP Hottest Chip Madness - Last CHIP Challenge Chips (Pack Of 2)
Patanjali Amla Pickle,1 Kg
,Ramro Shahi Namkeen Cookies - A Royal Salted Cookie
Britannia Little Hearts  (Packl of 6),75 gm
Hulas Jeera Masino  Rice,25Kg
Thulo Musuriko Dal,1Kg
Kaju  Badam  Pesta  Okhar Gudi 200Gm Combo,200 Gm
Ramro Sugar Free Cake,25 Gm
Shree Eliza Noonilo Aamilo Lapsi Candy,100Gm
Champak Lapsi Powder  Pack,500 gm
Chana Sattu -,500 Gm
Hamro Koseli Mix Khaja,800Gm
Arksh Food Dami Crispy Puff -  (16 Packets),150 gm
Sagarmatha Mango Pickle,200g
"Penne Pasta  Made with Chickpea, Red Lentil & Brown Rice.",450gm
Anoop Sattu,500Gm
Raisins (Kismis) -,500gm
Britannia Marie Gold Biscuits  Pack of 2,300 gm
Dried Frigs(Angir) -,200 Gm
Didian High Fiber Sugar Free Digestive Biscuits,400 gm
Mcvities Ginger Nut (),250 gms
Dipson Pani Puri  [Readymade Panipuri] with Masala,150g
Sajina  Panipuri,200G
Parle Hide & Seek Fab Chocolate Biscuits,112 Gm
Aarati Premium Rice-,20 Kg
Chwassa Kerau,500 Gm
Britannia Digestive Biscuit,250G
Cashew Nuts Kaju,200g
Mumfali Badam Dry peanuts,1 Kg
Prawn fish  dried,200gm
Mix Titaura  Sweet Candy Lapsi Paun -    1 Combo Pack 500 Each - 2Kg,4 In
Arksh Food Dami Crispy Puff -  (5 Packets),150 gm
Goodlife Digistive Nuts (Pack of ),12
Poshilo's Nutty Delight Satu  (Local Sattu),400g
"Chia Seeds - , Pumpkin Seeds - , Sunflower Seeds - , Flaxseed - , Watermelon Seeds -",100 gm
Black Dates (Chokada),100gms
Peanuts,1kg
Mato Raisins Yellow (Kismis) -,500Gm
Haldirams Delista Macaroni Elbows Pastas Wholesome Goodness,900g
Bikaji Coated Peanuts Nut Crackers,180 Gm
Munchy Oat Krunch Nutty Chocolate,208 Gm
Hira Foods Chana,500g
Haldiram'S Nut Crakers,200 gm
Pringles Potato Chips BBQ,147 g
White Rabbit Chocolate -,180 Gm
Raw Peanuts -,500 Grams
Haldiram's Soystix Chatpata Masala,150g
Champak Spicy Lyasse Paun  pack,400gm
Natraj Soya Chunks Soyabean,500 gm
Sunflower Seeds ( Healthy Superfood / Nutrition Power House ) -,200 gm
Himalayan Food Products Himalayan Buff Sukuti Com Chum With Timur,33gm
Haldirams Bhelpuri Namkeen,200 gm
Patanjali Amla Pickle,1kg
Beyond Snack Banana Chips Peri Peri,25gms
Dhiki Jato Local Makai Ko Chyakhla (Corn Grits),1kg
Yellow Raisins -,500 gm
Kaguno Or Foxtail Millet Wonder Grains Of Nepal Gluten Free,200gm
Britannia Treat Funky Choco  Cream Biscuits (VALUE PACK OF 6),50g
Almond -  / Badam / Almonds - 1 Kg,1kg
Walnut (Singo Okhar)-,200Gm
Homemade Deep Round Chilly  Pickle (Akbare  Achar),200g
Badam /Almond  Pack,1 KG
Plain Cashew (Kaju) -,500 Gm
Baidyanath Chyawanprash Chywan Vit sugar free- Health Tonic,1000gm
Laxmi Cashew Nut Plain,100g
Anoop Sattu,500G
Dhiki Jato Barley Grits (Jau ko Chyakhla),1kg
"Laxmi Almond,",400Gm
Laxmi Dates,200G
Laxmi Raisin,200G
"Rahar Non Polish Daal,",1Kg
Puja samagari:-Dry Coconut /Nariwal  (For Puja),200g
Cadbery Original Oreo Biscuits .3g-12 Units,46
Dry Yellow Raisin  / Kismis  / Dakh - 1 Kg,1Kg
Shrimann Rajma Dal,1Kg
Parle G Biscuits,500g
Premium Walnut Kernels (Guddhi),200gm
Desna Sweet Bomb Lapsi Achar (Lapsi Pickle)-,400 GMS
Bikaji Bikaneri Bhujia,400Gm
Didian Okra Flavor Soda Crackers (Sugar Free) -  (25 gm x 18 Sachets),450 gm
"Date Crown Fard Dates,",500g
Century Lemon Pickle,200 gm
Pumpkin Seeds ( Pharshi Ko Biyah ),200Gm
"Ginger,Garlic And Chilly Pickle",200g
Phapar Pitho ( Buckwheat flour )-,1kg
Shrimann White Kerau-,1Kg
Pumpkin Seeds -,500 Gm
JUAS Flax Seed Powder,500gm
Idly Atta Instant Mix,200Grm
Dry Fruits Cashew Kaju Grade A,500 Gm
Mummas Fermented Ginger And Tomato Mix Achar,300gm
Makhana ( Fox Nuts / Lotus Seeds ) -,250 gm
Big Choice Local Moong Daal,1Kg
Fried Chik Peas -  Bhuteko Chana,500Gm
Divella Fusilla Pasta,500gm
Dry Pistachio (Pesta)-,100Gm
Dry Food  Combo Kaju   Badam  Pista 200Gm,200 Gm
Goodlife Bourbon Biscuit,160Gm
Didian Banana Crisp Biscuits -  (18.75gm x 24sachets),450 gm
Dried Green Raisin (Hareyo Dakh)-,200Gm
Knorr Classic Mixed Vegetable Soup,40g
Parle/Top/ +1 Packet free/Biscuits/100g,11 Packets
"Broken Cashew -  ( Not As Regular Cashew , Only For Sweets )",500gm
Harlal's Unique Cashewnuts Roasted,100 gm
Mcvities Digestive Original,400G
Poshak Satu  (500gm 2 Packets),1KG
Munchy'S Chocolate Wafer Rolls,85 g
Poshilo Multigrain Satu  (Local Sattu),2 kg
Dried Fig (Anjeer)-,500gm
Roasted ChickPea (Bhuteko Chana),250gm
Rigatoni Pasta  Made with Durum Wheat,400gm
Jumla Rajma Simi Kidney Beans,1 Kg
Mummas Chicken Achar (),300gm
Quinoa Seeds,1Kg
Britannia Digestive Biscuit,1Kg
Bikaji Moong Dal Papad  Packet,360 Gm
,Ramro Jeera Zayka Cookies - Salty Crispy Cumin
Century Mixed Pickle,400g
Laxmi Pista,200G
Walnut Without Shells (Gudi Okhar)-,200Gm
Nebico/Packets of /Thin Arrowroot Biscuits/75g,10
Goodluck Jeera Masino Gold Angoori Rice,25KG
Poshilo's Nutri+ Satu  (Local Sattu),400g
Unibis Pista Badam Cookies,150 gm
Walnut (Singo Okhar)-,500Gm
Big Choice Small Peas,1 Kg
Fox Nuts (Makhana)-,200Gm
"Combo Pack of Almond, Cashew, Green Raisains, Walnuts Kernels& Makhana  Each",100gm
Walnut Kernels (Gudi),500g
Patanjali Badam Pak,500grm
Raisins Dry Kismis (Lowers the risk of heart disease)-,1kg
Haldirams Aloo Bhujia Namkeen,1 kg
Apricot (Khurpani),500g
,Haldiram Moong Dal Set Of 3
Laxmi Pustakari,400G
Goodlife Blue Top Buttery Salted Biscuit,150Gm
,Pran Potata Spicy Buiscuit
Dry Fruit Anjeer,200gm
Britannia Marie Gold,1 kg
Mix Dry Fruit Nut Trail Food -,250Gm
Bodi Ko Dana,1 Kg
Desna Piro Timur Chhop (Refill Pack)-,200 GMS
,India Gate Basmati Rice
Walnut  Okhar -,1Kg
"Agraj Snacks Dalmoth,",200gm
,Sidra macha -Nauthali-dried fish
Bikaji Baat Cheet Papad Moong Dal And Urad Dal Papad,200g
Angan Sweets Kaju Pista Cookies,200g
Dry Black Raisin (Kalo Dakh)-,100Gm
Chia Seed -,1 Kg
Super Candy  Lapsi Paun  Titaura -,1 Kg
Bikaji Moong Dal papad   pkt,900 Gm
Hamro Koseli Makai Ko Chamal White,1000Gm
Sun fest Dark Fantasy Biscuits  Set Of 12,75grm
Hing Goli  Hinggoli   - Good For Digestion,100 Gm
True Elements Whole Oatmeal  - | Breakfast Food | Wholegrain Cereal | Diet Food for Weight Loss,145g
Quinoa Seeds-,500 Gm
Sathu Maavu % Natural Porridge Mix - 200 gms,100
Cadburry/Oreo/Choco cream Flavoured//12 Pcs Bundle Pack/Chocolaey Sandwich Biscuits,50g
Roble Zayoo Ready To Fry  Oval Papad 1kg,3D
Kaki no Tane,6 Packs
Haldirams Classic Salted Peanuts,180 gm
Black Dates (Chokada),500gms
Poshak Satu,500 gm
Organic Nepali Rajma Simi Kidney Beans,1 Kg
Combo Flax Seed - Pumpkin Seed - Packet,500Gm
Chwassa Furundana,65 Gm
Swaadilo Badaam Khursani (Fish) -,200 gm
Parle/Monaco/Crispy Light Salty Snack/Classic Regular/.4g,162
Munchys Sugar Cracker,38 Gm
Premium Almonds,500gm
Arksh Food Dami Crispy Puff (Nimki Flavor) -  (5 Packets),150 gm
Bisk Farm Top Herbs The Taste of the Finest Herbs Biscuits,200g
Laxmi Cashew Nut Rosted,200Gm
Desna Babaal Piro Dalle Achar (Akbare Pickle)-,380 GMS
Roasted Cashew (Kaju),100g
Himalayan Food Products Himalayan Timur Ko Chhop,100gm
Lekali Chop Timur,230g
Hamro Koseli Bhajara Ko Chamal,500Gm
Homemade Deep Round Chilly  Pickle (Akabare  Achar),350g
Shree Eliza Sweet Laupsy Candy,100Gm
Dhiki Jato Local Seto Bhatmas,1kg
Madhuram Fresh Arabian Dates |  | Premium Quality,300g
Mummas Mula Achar,300g
Didian Digestive Biscuits (Black Sesame Flavor) -  (20gm x 20 sachets),400gm
Century Penny Chiness Chilly Tomato Flavour,55G
Aama Ko Achar Dalla In Brine Pickle,380 gm
Champak Kalo Sukuti (Lapsi Paun)  Pack,500 gm
Almond Nuts,200g
Sita Sweet Chana Sattu,450G
Basil Seeds ( Sabja Seeds Sweet Basil Seeds ) -,200 gm
Khoste Moongko Dal,1Kg
Dry Black Raisin (Kalo Dakh)-,500Gm
"Gerber, Teethers, Gentle Teething Wafers, Strawberry Apple Spinach, 7+ Months,",12 Packs
Bakers' Creation Maxipan Red Cherry Without Stem With Seed (Pit) Premium Easy Open Tin   -,850 Gms
Almond Nuts Madhuram Premium Quality,500gm
Ramro Irish Custard Cookies,150 Gm
Haldiram's  Punjabi Tadka Namkeen,200 gm
Desna Sweet Bomb Lapsi Achar (Refill Pack) Lapsi Pickle-,400 GMS
Paicho Vegetable Mixed Pickle,200g
Walnut Kernels (Gudi),200g
Goodlife/Digestive Wheat Biscuits/ Bundle Pack/60+10g free,6 Pcs
Green Kismis,100g
Didian Fresh Milk Biscuits -  (20Gm X 24 Sachets),480 Gm
"Urban Canned Luncheon Pork Ham,",200gm
Britannia Sugar Free  Biscuits (VALUE PACK OF 2),200 gm
Heart Shape Gift Box With Milk Ball Compound Chocolate  Set,8 Pcs
Homemade Deep Timur ( Sichuan Pepper),100g
,Ramro Sugar Free Coconut Whole Wheat Cookies - With Real Coconut
Fried Cashew Nut  Bhuteko Kaju,500 Gm
Knorr Chicken Bouillon Artificially Flavoured 8'S,88 Gm
Bikaji Papad Bc,900 Gm
Sitara Rusk,250 GM
Makhana  Packet / Mixed Size,250Gm
Brown Rice Pokhreli-,1kg
Mumfali Badam Dry peanuts,1 Kg
Bikaji Bikaneri Kuch Kuch Bhujia -,1kg
California Badam Almonds Desi Badam,100 gm
Kismis raisin,500gm
Almond Nuts (Badam)-,500 gm
Haldiram'S Salted Peanuts,180 gm
Harlal's Unique Pisatachios,400 gm
Almond Nuts,500g
Parle/Krack Jack/The Original Sweet & Salty Crackers/,100g
Organic Nepali Rajma Simi Kidney Beans,1 Kg
Tafeli Soda Crackers (No Added Sugar) -  (25gm x 18sachets),450gm
Patanjali Doodh Biscuit  Pack of 10pc,70gm
Walnut Kernels (Gudi),100g
,cream of mushroom soup
Haldirams Punjabi Masala Papad,170 gm
Mummas Dalle Khursani Achar,300gm
A-Taste Multi-grain Biscuits,320 gm
Dry Fruit:- Almond Nuts (Badam)-,1Kg
Britannia Nutri choice  300g,5 Grain
Gyan Makhana(Fox Nuts),200 Gm
"Tong Garden Honey Sunflower,",30G
Mummas Tama & Dalle Khursani Mix Achar,300gm
Swaadilo Badaam Khursani (Veg) -,200 gm
Maxipan Blue Berry Filling -,850 Gms
Chicken Pickle,200g
Patanjali Pustahar Daliya,500 gm
Poshak Jau Ko Satu / Barley Satu / TSAMPA  (2 Packets),800 Grams
Mountain Natural Mustang Mix Beans Dal,1Kg
Poshilo Nutty Delight Satu  (Local Sattu),800 gms
Laxmi Pustakari,200G
California Badam Almonds Desi Badam,200g
Roasted ChickPea (Bhuteko Chana),500gm
Meidan Soda Sugar Free Crackers Pkt,450G
Lion Arabian Dates  Get One Free,500gm
Britannia Tiger Krunch Choco Chips Biscuit,12 Pcs
"Agraj Snacks Peanuts,",200 gm
Shrimann Mix Dal -,1Kg
True Elements Dark Chocolate Oatmeal  - Breakfast Cereals  Diet Food for Weight Loss  Chocolate Coated Oats,500g
Mcvities Hobnobs Milk Chocolate (),300 gms
Kent Boringer Cream Of Chicken,71G
Dabur Chyawanprash Sugar Free,500g
"Picnic Furandana,",1000gm
Mummas Karela Achar (),300gm
Balaji Gold Cashews-,250g
"Chia Seeds - , Pumpkin Seeds - , Sunflower Seeds - , Flaxseed - , Watermelon Seeds -",200 gm
Britannia Digestive,1 KG
Druk Tomato Puree,850G
Parle/- Butter Coockies/50g/12 packets,20
Aama Chhori Achar Fish Pickle,200gm
"Broken Cashew Nut -  / Tukda Kaju / Tukda Kaju /  -  ( Not As Regular Cashew , Only For Sweets )",1 Kg
Shree Eliza Sugar Coated Laupsy Candy,100Gm
Sagarmatha Green Chilli Pickle,200gm
Didian Conocut Biscuit -  (37.5gm x 8sachets),300gm
Bikaji Kaju Badam Laccha,350 Gm
Century Mango Pickle,400 gm
Britannia Treat Funky Choco  (Pack of 6),50G
Mix Dry Fruit Nuts  Combo 6  Diffrent Fruit & Nuts,250 Gm
Super Grow Almond,100G
Meidan Soda Cracker Celery Sugarfree,450 gm
"Big Choice Maas Chhata Daal,",1Kg
"Beyond Snáck Kerala Banana Chips - Pack of  (4x25gms) - Original Style, Peri Peri, Sour Cream Onion & Parsley and Salt and Pepper Chips",4 Combo
Marsi Rice,1Kg
Barnyard millet processed -,500 gms
Shrimann Rato Chiura,1 Kg
Haldirams Aloo Bhujia Namkeen,200 gm
Date Crown Emirates Fard,500gm
Chhurpi (Dried Cheese),100gm
Cadbury Choco Creme Oreo Chocolatey Sandwich Biscuits  pack,12 pc
A-One Sweets Traditional Rasgulla Mithai  -,1kg
Didian Pineapple Crisp Biscuits -  (18.75gm x 24sachets),450 gm
Newari Shahi Pulao Basmati Rice -,20kg
Super Grow Cashew,200G
Green Raisin  / Kismis / Dakh - 1 Kg,1Kg
,Cream of Tomato Soup
Parle Happy Happy Cookies +5 gm (Pack of 12),25
Haldiram's Kaju Mixture,400 gm
Julies Oat  Grains Biscuits 20 Gm,25 Ten
Lays Magic Masala Chips -,42gm
Om Namo Kanchanjunga Organic Chhurpee Durkha,200g
Sattu (Mix Grains )  Didi Ko Sattu,1 kg
Mcvities UK Digestive Dark Chocolate (),200 gms
Cheese Chilli Rs  (Pack of 3),50
Haldiram'S Gup Shup Peanuts,200 gm
Parle/Top Delicious Buttery Crackers/ (Pack of 12),25 gm
Patanjali Coconut Biscuit  Pack of 10pc,75gm
Betel Nut/Tukra Supari,100 Gm
Amazu Shoga Pink Pickled Sushi Ginger -,100 Gm
Modern Cream Rolls,300 GM
Patanjali Amla Murabba,1kg
Ramu  Mamra Giri Badam  Almond,250 Gm
Millet Pancake Mix : Banana Chocochip & Supergrains -,150 Gms
Roza Saradine In Tomato Sauce With Cumin,185G
Unibic Choco Nut Cookies,500G
Fox Nuts (Makhana)-,100Gm
Baidyanath Chyawanprash,1 Kg
Pashupati Papad/,60g
Guitole Achar Udhyog Chicken Pickle  ( Chicken Achar),200gm
BS Local Organic White Soyabeans,1 Kg
Dry Red Raisin (Rato Dakh)-,1Kg
Rashilo Chhirke Rajma,1Kg
Walnut [Okhar] (Best Choice),1Kg
DhikiJato Proso Millet (Chino)-,1KG
Madhuram Classic Walnuts/Okhar Without Shell | Dry Fruits Nuts |,250gm
Kent Chicken Bouillon  60G,6Cubes
Homemade Deep Fenugreek Pickle (Methi Achar),200g
,Pasta Maker Machine Stainless Steel Pasta Roller Machine Includes Pasta Cutter Hand Crank Lasagna Fresh Noodles for Home Kitchen (White)
Red Chilly Pickle,200g
Ramro Oats And Dry Fruit Cookies,120 GM
Date Crown Bumaan Dates -,500g
Ghar Ko Achar Lemon Achar,350gm
Didian Soda Crackers (Banana Flavor) -  (25gm x 18sachets),450gm
Crunchy Dalmoth-,400 GM
Chana Daal -,1 Kg
Haldirams Sada Papad,340 gm
Bikano Khatta Meetha,400 Gm
Shrimann Musuro Dal -,1Kg
,Haldiram Panjabi Tadka Set Of 3
Miso Paste (Marukome) -,750 g
Silang Natural Oat Cracker No Sugar,380G
Tilauri -Chips,500g
Britannia Digestive Sugar Free Biscuits,350G
Britannia Marie Gold Biscuits,1Kg
,Ramro Nutty Kaju Cookies - Real Dry Fruits
Soya Chunks Soyabean,200 Gm
Unibic Fruit & Nut Cookies -(Pack Of 3),75g
Seto Kerau (Matar) -,1 kg
Shree Eliza Lapsi Gulyo Piro Paun,60Gm
Canned Mushrooms,400 gms
Guitole Achar Udhyog Pork Meat Pickle,200GM
Poshak Satu  (2LBS 2 Packets),4lbs
Chicken tablet bouillon ( gr),6x10
"Chia Seeds - , Pumpkin Seeds - , Sunflower Seeds - , Flaxseeds -",200 gm
"Picnic Roasted Salted Peanuts,",1 KG
Haldirams Dalbiji Namkeen,200 gm
Desna Chatkilo Mango Achar (Refill Pack) Amilo Aapko Pickle-,380 GMS
Anjir  / Anjeer / Fig -  By Sarga Bazar,1 Kg
White Dry Dates (Seto Chokada),100 gm
DhikiJato Local Anadi Chamal,1 KG
Sagarmatha Lemon Pickle,200g
Dried Fig (Anjeer)-,200Gm
Dhiki Jato Local Moong Daal,1kg
Shree Eliza Aamilo Piro Lapsi Candy,100Gm
Britannia Milk Bikis Biscuit,24 Pcs
Guitole Achar Udhyog Chicken Pickle,400gm
Britannia Good Day Pista Badam Cookies  Pack of 2,200 gm
"Gerber Baby Snacks Puffs , Strawberry Apple.  1. 42Gm",48 Ounce
Harlal's Unique Yellow Raisins,200G
Dates Crown -,1000 gm
Rijal Top- Dalmoth 350 G,10 Mixture
Champak Combo Pack (Lapsi Paun)  Pack,1 kg
Pasteurized Pistachio Nut ( Pista ),100 gm
Dhiki Jato  Kerau Daal,1kg
